<item>
<title>Looking Season 2 - Đang Ngắm 2 - 2014</title>
<link>http://server3.dangcaphd.com/p4R4cDQnzcUagcNa/phimbo2014/Looking.S02/Looking.S02E01.mp4</link>
<thumbnail>http://media.dangcaphd.com/public/26eeeee401cb919c5610a15a42f843d1_thumb.jpg</thumbnail>
</item>

<item>
<title>Time Slip Dr Jin - Danh Y Vượt Thời Gian - 2012</title>
<link>http://server3.dangcaphd.com/p4R4cDQnzcUagcNa/phimbo/Time/Time.slip.dr.Jin.E01.mp4</link>
<thumbnail>http://media.dangcaphd.com/public/a7dd76ffaf783d12288c9a7ef34b0239_thumb.jpg</thumbnail>
</item>

<item>
<title>Hổ Phù Truyền Kỳ - 2012 (30/30 tập)</title>
<link>http://server3.dangcaphd.com/p4R4cDQnzcUagcNa/phimbo/Ho.Phu/HoPhuTruyenKy.EP01.mp4</link>
<thumbnail>http://media.dangcaphd.com/public/8284042ea96e873db1c8b86fed9b2f95_thumb.jpg</thumbnail>
</item>

<item>
<title>Hoạn Hải Kỳ Quan - Noblesse Oblige - 2015 (20/20 tập)</title>
<link>http://server3.dangcaphd.com/p4R4cDQnzcUagcNa/phimbo/Hoan.Hai.Ky.Quan/Hoan.Hai.Ky.Quan.E01.mp4</link>
<thumbnail>http://media.dangcaphd.com/public/c2e34318091773bc5b9bdfde9fe219bc_thumb.jpg</thumbnail>
</item>

<item>
<title>12 Monkeys Season 1 - 12 Con Khỉ Phần 1 - 2015 (2/13 tập)</title>
<link>http://server3.dangcaphd.com/p4R4cDQnzcUagcNa/phimbo2014/12.Monkeys/12.Monkeys.S01E01.mp4</link>
<thumbnail>http://media.dangcaphd.com/public/b8f0ee649a4ca1ba184a6e05268f7ca3_thumb.jpg</thumbnail>
</item>

<item>
<title>Cuộc Đọ Sức Sang Hèn - Birdie Buddy - 2012 (24/24 tập)</title>
<link>http://server3.dangcaphd.com/p4R4cDQnzcUagcNa/phimbo2014/Birdie.buddy/Birdie.buddy.2012.E01.mp4</link>
<thumbnail>http://media.dangcaphd.com/public/564eb8608e65fb84ce8ad862a98dc422_thumb.jpg</thumbnail>
</item>

<item>
<title>Mặt Trăng Ôm Mặt Trời - The Moon Embracing The Sun - 2012 (20/20 tập)</title>
<link>http://server3.dangcaphd.com/p4R4cDQnzcUagcNa/phimbo2014/The.Moon/The.Moon.Embracing.The.Sun.E01.mp4</link>
<thumbnail>http://media.dangcaphd.com/public/581f9662bbe9e51bd5b0ca0d41baf3d2_thumb.jpg</thumbnail>
</item>

<item>
<title>Haven Season 5 - Thị Trấn Thiên Đường 5 - 2015</title>
<link>http://server3.dangcaphd.com/p4R4cDQnzcUagcNa/phimbo2014/Haven.S05/Haven.S05E01.mp4</link>
<thumbnail>http://media.dangcaphd.com/public/a4691c1760ad8e88931898c3cc64a30f_thumb.jpg</thumbnail>
</item>

<item>
<title>Bởi Vì Yêu Anh - Hyde, Jekyll & I - 2015</title>
<link>http://server3.dangcaphd.com/p4R4cDQnzcUagcNa/phimbo0710/Boi.Vi.YA/Boi.vi.yeu.anh.E01.mp4</link>
<thumbnail>http://media.dangcaphd.com/public/2ec4bc8d8efc3395683b8bfbd41665fe_thumb.jpg</thumbnail>
</item>

<item>
<title>Heroes - Season 4 - Giải Cứu Thế Giới 2 - 2009 (19/19 tập)</title>
<link>http://server3.dangcaphd.com/p4R4cDQnzcUagcNa/phimbo0710/Heroes.S04/Heroes.S04E01-02.mp4</link>
<thumbnail>http://media.dangcaphd.com/public/96ec5ffc870b5be27b3af0bb52d759bc_thumb.jpg</thumbnail>
</item>

<item>
<title>Heroes Season 3 - Giải Cứu Thế Giới 3 - 2008 (25/25 tập)</title>
<link>http://server3.dangcaphd.com/p4R4cDQnzcUagcNa/phimbo0710/Heroes.S03/Heroes.S03E01.mp4</link>
<thumbnail>http://media.dangcaphd.com/public/71fe1bebc4260be2ac6b8009bb897334_thumb.jpg</thumbnail>
</item>

<item>
<title>Heroes Season 2 - Giải Cứu Thế Giới 2 - 2007 (11/11 tập)</title>
<link>http://server3.dangcaphd.com/p4R4cDQnzcUagcNa/phimbo0710/Heroes.S02/Heroes.S02E01.mp4</link>
<thumbnail>http://media.dangcaphd.com/public/3da1630de238a3d41a55216e052acc87_thumb.jpg</thumbnail>
</item>

<item>
<title>Thirteen Terrors - Ngôi Trườn Ma Ám - 2014 (11/13 tập)</title>
<link>http://server3.dangcaphd.com/p4R4cDQnzcUagcNa/phimbo0710/ThirTEEN.Terrors/ThirTEEN.Terrors.2014.E01.mp4</link>
<thumbnail>http://media.dangcaphd.com/public/dae51b54e34fee0114d2b6697745a83a_thumb.jpg</thumbnail>
</item>

<item>
<title>Heroes Season 1 - Giải Cứu Thế Giới 1 - 2006 (23/23 tập)</title>
<link>http://server3.dangcaphd.com/p4R4cDQnzcUagcNa/phimbo0710/Heroes.2006/Heroes.2006.S01E01.mp4</link>
<thumbnail>http://media.dangcaphd.com/public/608ce4705aff83891c3ad23a5b250be3_thumb.jpg</thumbnail>
</item>

<item>
<title>Không Làm Người HongKong - 2015 (25/25 tập)</title>
<link>http://server3.dangcaphd.com/p4R4cDQnzcUagcNa/phimbo0710/Khong.Lam.Nguoi.HK/Khong.Lam.Nguoi.Hong.Kong.E01.mp4</link>
<thumbnail>http://media.dangcaphd.com/public/fd449ec6171c133d0f4c555aa867de45_thumb.jpg</thumbnail>
</item>

<item>
<title>Helix Season 2 - Đại Dịch 2 - 2015</title>
<link>http://server3.dangcaphd.com/p4R4cDQnzcUagcNa/phimbo0710/Helix.S02/Helix.S02E01.mp4</link>
<thumbnail>http://media.dangcaphd.com/public/1ddbd0f9952918f02188400b85f10830_thumb.jpg</thumbnail>
</item>

<item>
<title>Spy - Điệp Viên - 2015</title>
<link>http://server3.dangcaphd.com/p4R4cDQnzcUagcNa/phimbo0710/Spy/Spy.E01.mp4</link>
<thumbnail>http://media.dangcaphd.com/public/e76547a78715c75efb5969eabcfb048a_thumb.jpg</thumbnail>
</item>

<item>
<title>Officer Geomancer - Bát Quái Thần Thám - 2014 (19/19 tập)</title>
<link>http://server3.dangcaphd.com/p4R4cDQnzcUagcNa/phimbo0710/Bat.Quai.Than.Tham/Officer.Geomancer-Bat.Quai.Than.Tham.E01.mp4</link>
<thumbnail>http://media.dangcaphd.com/public/24836f37cdcd09b8f1c06bfd3d70a361_thumb.jpg</thumbnail>
</item>

<item>
<title>Eye Candy Season 1 - Sát Nhân Giấu Mặt 1 - 2015</title>
<link>http://server3.dangcaphd.com/p4R4cDQnzcUagcNa/phimbo0710/Eye.Candy.S01/Eye.Candy.S01E01.mp4</link>
<thumbnail>http://media.dangcaphd.com/public/ba7921ac263736e59ca31ecd0794f7e4_thumb.jpg</thumbnail>
</item>

<item>
<title>Banshee Season 3 - Thị Trấn BanShee - 2015 (2/10 tập)</title>
<link>http://server3.dangcaphd.com/p4R4cDQnzcUagcNa/phimbo0710/Banshee.S03/Banshee.S03E01.mp4</link>
<thumbnail>http://media.dangcaphd.com/public/9191475d6ccd45b4a130a41fecf9b1c2_thumb.jpg</thumbnail>
</item>

<item>
<title>Shameless Us Season 5 _ Mặt Dày 5 - 2015 (3/20 tập)</title>
<link>http://server3.dangcaphd.com/p4R4cDQnzcUagcNa/phimbo0710/Shameless.US.S05/Shameless.US.S05E01.fix.mp4</link>
<thumbnail>http://media.dangcaphd.com/public/546a519de228d9209dfa2666da3add2e_thumb.jpg</thumbnail>
</item>

<item>
<title>Once Upon A Time In Shanghai - Tân Bến Thượng Hải - 2007 (35/35 tập)</title>
<link>http://server3.dangcaphd.com/p4R4cDQnzcUagcNa/phimbo0710/Once.Upon.A.Time.In.Shanghai/Once.Upon.A.Time.In.Shanghai.2007.E01.mp4</link>
<thumbnail>http://media.dangcaphd.com/public/c2e01886a8cfa90e0bd51e9740f5a827_thumb.jpg</thumbnail>
</item>

<item>
<title>The Legendary Witch - Phù Thủy Huyền Thoại - 2014 (18/40 tập)</title>
<link>http://server3.dangcaphd.com/p4R4cDQnzcUagcNa/phimbo0710/The.Legend.Of.The.Witch/The.Legend.Of.The.Witch.201401.mp4</link>
<thumbnail>http://media.dangcaphd.com/public/83b9a082e6b9176cb88be1ec0f811b26_thumb.jpg</thumbnail>
</item>

<item>
<title>Lục Tiểu Phụng Và Hoa Mãn Lâu - 2015</title>
<link>http://server3.dangcaphd.com/p4R4cDQnzcUagcNa/phimbo0710/Luc.Tieu.Phung.Va.Hoa.Man.Lau/Luc.Tieu.Phung.Va.Hoa.Man.Lau.2015.1.mp4</link>
<thumbnail>http://media.dangcaphd.com/public/3459bae19f9da7e2cc6a400acc060f87_thumb.jpg</thumbnail>
</item>

<item>
<title>Bên Nhau Trọn Đời - 2015 (36/36 tập)</title>
<link>http://server3.dangcaphd.com/p4R4cDQnzcUagcNa/phimbo/Ben.Nhau.Tron.Doi/Ben.Nhau.Tron.Doi.Ep.01.mp4</link>
<thumbnail>http://media.dangcaphd.com/public/41cb2066cbda6dc5800ae6e99f22dbb5_thumb.jpg</thumbnail>
</item>

<item>
<title>Tân Hồng Lâu Mộng - 2010 (50/50 tập)</title>
<link>http://server3.dangcaphd.com/p4R4cDQnzcUagcNa/phimbo0710/Tan.Hong.Lau.Mong/Tan.Hong.Lau.Mong.E01.mp4</link>
<thumbnail>http://media.dangcaphd.com/public/7e11085aa1b51f7319aad45bc24c62a1_thumb.jpg</thumbnail>
</item>

<item>
<title>The Musketeers Season 2 - Ngự Lâm Quân Phần 2 - 2015</title>
<link>http://server3.dangcaphd.com/p4R4cDQnzcUagcNa/phimbo0710/the.musketeers.2/the.musketeers.2x01.mp4</link>
<thumbnail>http://media.dangcaphd.com/public/8d69d77c7ee62a5fc3935db3a0507b7e_thumb.jpg</thumbnail>
</item>

<item>
<title>Kill Me Heal Me - Tìm Lại Chính Mình - 2015</title>
<link>http://server3.dangcaphd.com/p4R4cDQnzcUagcNa/phimbo0710/Kill.Me.Heal.Me/Kill.Me.Heal.Me.E01.mp4</link>
<thumbnail>http://media.dangcaphd.com/public/f5acebd8a26d2b8c203520c021854633_thumb.jpg</thumbnail>
</item>

<item>
<title>Chào Mừng Đến Với Thụy Điển - Welcome to Sweden - 2014 (10/10 tập)</title>
<link>http://server3.dangcaphd.com/p4R4cDQnzcUagcNa/phimbo/Welcome.to.Sweden.2014.S01/Welcome.to.Sweden.2014.S01E01.mp4</link>
<thumbnail>http://media.dangcaphd.com/public/8f42a0ff2afb9fbc2abc8f4167546bb4_thumb.jpg</thumbnail>
</item>

<item>
<title>Galavant Season 1 - Hoàng Tử Galavant Phần 1 - 2015 (6/20 tập)</title>
<link>http://server3.dangcaphd.com/p4R4cDQnzcUagcNa/phimbo/GaLaVant.S01/galavant.s01e01.mp4</link>
<thumbnail>http://media.dangcaphd.com/public/858912c9e67219e022a881a520bc799c_thumb.jpg</thumbnail>
</item>

<item>
<title>Fleming Season 1 - Người Đứng Sau 007 Phần 1 - 2014 (2/2 tập)</title>
<link>http://server3.dangcaphd.com/p4R4cDQnzcUagcNa/phimbo/Fleming.S01/Fleming.S01E01.mp4</link>
<thumbnail>http://media.dangcaphd.com/public/416579e6d78abe9444f499d45968a20c_thumb.jpg</thumbnail>
</item>

<item>
<title>Marvels Agent Carter Season 1 - Đặc Vụ Carter Phần 1 - 2015 (4/42 tập)</title>
<link>http://server3.dangcaphd.com/p4R4cDQnzcUagcNa/phimbo0710/Marvels.Agent.Carter/Marvels.Agent.Carter.S01E01.mp4</link>
<thumbnail>http://media.dangcaphd.com/public/5be448165c389d466d5dbba0124d5346_thumb.jpg</thumbnail>
</item>

<item>
<title>Thunder Angels - Đại Đường Nữ Tuần Án - 2012 (36/36 tập)</title>
<link>http://server3.dangcaphd.com/p4R4cDQnzcUagcNa/phimbo0710/Thunder.Angel/Thunder.Angel.2012.E01.mp4</link>
<thumbnail>http://media.dangcaphd.com/public/318a054cd8335e6fab207116c26b01e8_thumb.jpg</thumbnail>
</item>

<item>
<title>Highs And Lows - Lôi Đình Tảo Độc - 2012 (30/30 tập)</title>
<link>Highs.And.Lows.E01.mp4</link>
<thumbnail>http://media.dangcaphd.com/public/6f7156a63655efb9d24499d0d3425d01_thumb.jpg</thumbnail>
</item>

<item>
<title>Thiên Thiên Hữu Hỷ - A Happy Life - 2013</title>
<link>http://server3.dangcaphd.com/p4R4cDQnzcUagcNa/phimbo/%20A.Happy.Life/%20A.Happy.Life.2013.E01.mp4</link>
<thumbnail>http://media.dangcaphd.com/public/10bd0ec76b12d8970d2e3043c99e6277_thumb.jpg</thumbnail>
</item>

<item>
<title>Looking Season 2 - Đang Ngắm 2 - 2014</title>
<link>http://server3.dangcaphd.com/p4R4cDQnzcUagcNa/phimbo2014/Looking.S02/Looking.S02E01.mp4</link>
<thumbnail>http://media.dangcaphd.com/public/26eeeee401cb919c5610a15a42f843d1_thumb.jpg</thumbnail>
</item>

<item>
<title>Time Slip Dr Jin - Danh Y Vượt Thời Gian - 2012</title>
<link>http://server3.dangcaphd.com/p4R4cDQnzcUagcNa/phimbo/Time/Time.slip.dr.Jin.E01.mp4</link>
<thumbnail>http://media.dangcaphd.com/public/a7dd76ffaf783d12288c9a7ef34b0239_thumb.jpg</thumbnail>
</item>

<item>
<title>Hổ Phù Truyền Kỳ - 2012 (30/30 tập)</title>
<link>http://server3.dangcaphd.com/p4R4cDQnzcUagcNa/phimbo/Ho.Phu/HoPhuTruyenKy.EP01.mp4</link>
<thumbnail>http://media.dangcaphd.com/public/8284042ea96e873db1c8b86fed9b2f95_thumb.jpg</thumbnail>
</item>

<item>
<title>Hoạn Hải Kỳ Quan - Noblesse Oblige - 2015 (20/20 tập)</title>
<link>http://server3.dangcaphd.com/p4R4cDQnzcUagcNa/phimbo/Hoan.Hai.Ky.Quan/Hoan.Hai.Ky.Quan.E01.mp4</link>
<thumbnail>http://media.dangcaphd.com/public/c2e34318091773bc5b9bdfde9fe219bc_thumb.jpg</thumbnail>
</item>

<item>
<title>12 Monkeys Season 1 - 12 Con Khỉ Phần 1 - 2015 (2/13 tập)</title>
<link>http://server3.dangcaphd.com/p4R4cDQnzcUagcNa/phimbo2014/12.Monkeys/12.Monkeys.S01E01.mp4</link>
<thumbnail>http://media.dangcaphd.com/public/b8f0ee649a4ca1ba184a6e05268f7ca3_thumb.jpg</thumbnail>
</item>

<item>
<title>Cuộc Đọ Sức Sang Hèn - Birdie Buddy - 2012 (24/24 tập)</title>
<link>http://server3.dangcaphd.com/p4R4cDQnzcUagcNa/phimbo2014/Birdie.buddy/Birdie.buddy.2012.E01.mp4</link>
<thumbnail>http://media.dangcaphd.com/public/564eb8608e65fb84ce8ad862a98dc422_thumb.jpg</thumbnail>
</item>

<item>
<title>Mặt Trăng Ôm Mặt Trời - The Moon Embracing The Sun - 2012 (20/20 tập)</title>
<link>http://server3.dangcaphd.com/p4R4cDQnzcUagcNa/phimbo2014/The.Moon/The.Moon.Embracing.The.Sun.E01.mp4</link>
<thumbnail>http://media.dangcaphd.com/public/581f9662bbe9e51bd5b0ca0d41baf3d2_thumb.jpg</thumbnail>
</item>

<item>
<title>Haven Season 5 - Thị Trấn Thiên Đường 5 - 2015</title>
<link>http://server3.dangcaphd.com/p4R4cDQnzcUagcNa/phimbo2014/Haven.S05/Haven.S05E01.mp4</link>
<thumbnail>http://media.dangcaphd.com/public/a4691c1760ad8e88931898c3cc64a30f_thumb.jpg</thumbnail>
</item>

<item>
<title>Bởi Vì Yêu Anh - Hyde, Jekyll & I - 2015</title>
<link>http://server3.dangcaphd.com/p4R4cDQnzcUagcNa/phimbo0710/Boi.Vi.YA/Boi.vi.yeu.anh.E01.mp4</link>
<thumbnail>http://media.dangcaphd.com/public/2ec4bc8d8efc3395683b8bfbd41665fe_thumb.jpg</thumbnail>
</item>

<item>
<title>Heroes - Season 4 - Giải Cứu Thế Giới 2 - 2009 (19/19 tập)</title>
<link>http://server3.dangcaphd.com/p4R4cDQnzcUagcNa/phimbo0710/Heroes.S04/Heroes.S04E01-02.mp4</link>
<thumbnail>http://media.dangcaphd.com/public/96ec5ffc870b5be27b3af0bb52d759bc_thumb.jpg</thumbnail>
</item>

<item>
<title>Heroes Season 3 - Giải Cứu Thế Giới 3 - 2008 (25/25 tập)</title>
<link>http://server3.dangcaphd.com/p4R4cDQnzcUagcNa/phimbo0710/Heroes.S03/Heroes.S03E01.mp4</link>
<thumbnail>http://media.dangcaphd.com/public/71fe1bebc4260be2ac6b8009bb897334_thumb.jpg</thumbnail>
</item>

<item>
<title>Heroes Season 2 - Giải Cứu Thế Giới 2 - 2007 (11/11 tập)</title>
<link>http://server3.dangcaphd.com/p4R4cDQnzcUagcNa/phimbo0710/Heroes.S02/Heroes.S02E01.mp4</link>
<thumbnail>http://media.dangcaphd.com/public/3da1630de238a3d41a55216e052acc87_thumb.jpg</thumbnail>
</item>

<item>
<title>Thirteen Terrors - Ngôi Trườn Ma Ám - 2014 (11/13 tập)</title>
<link>http://server3.dangcaphd.com/p4R4cDQnzcUagcNa/phimbo0710/ThirTEEN.Terrors/ThirTEEN.Terrors.2014.E01.mp4</link>
<thumbnail>http://media.dangcaphd.com/public/dae51b54e34fee0114d2b6697745a83a_thumb.jpg</thumbnail>
</item>

<item>
<title>Heroes Season 1 - Giải Cứu Thế Giới 1 - 2006 (23/23 tập)</title>
<link>http://server3.dangcaphd.com/p4R4cDQnzcUagcNa/phimbo0710/Heroes.2006/Heroes.2006.S01E01.mp4</link>
<thumbnail>http://media.dangcaphd.com/public/608ce4705aff83891c3ad23a5b250be3_thumb.jpg</thumbnail>
</item>

