<item>
<title>White Collar Season 3 - Cổ Cồn Trắng Phần 3 - 2011 ( 16 Tập )</title>
<link>http://server3.dangcaphd.com/p4R4cDQnzcUagcNa/phimbo2014/White.Collar.S03/White.Collar.S03E01.mp4</link>
<thumbnail>http://media.dangcaphd.com/public/70101628fae080f4d184eecfc8299eef_thumb.jpg</thumbnail>
</item>

<item>
<title>White Collar Season 2 - Cổ Cồn Trắng Phần 2 - 2010 ( 16 tập )</title>
<link>http://server3.dangcaphd.com/p4R4cDQnzcUagcNa/phimbo2014/White.Collar.S02/White.Collar.S02E01.mp4</link>
<thumbnail>http://media.dangcaphd.com/public/447f1894ec6626efc6e1c63c6510791f_thumb.jpg</thumbnail>
</item>

<item>
<title>White Collar Season 1- Cổ Cồn Trắng - 2009 ( Trọn bộ 14 tập )</title>
<link>http://server3.dangcaphd.com/p4R4cDQnzcUagcNa/phimbo2014/White.Collar.S01/White.Collar.S01E01.mp4</link>
<thumbnail>http://media.dangcaphd.com/public/07915f9c72ef538ddba43e44aa4ef340_thumb.jpg</thumbnail>
</item>

<item>
<title>Haven Season 1 - Thị Trấn Siêu Nhiên Phần 1 - 2010 ( 13 Tập )</title>
<link>http://server3.dangcaphd.com/p4R4cDQnzcUagcNa/phimbo2014/Haven.S01/Haven.S01E01.mp4</link>
<thumbnail>http://media.dangcaphd.com/public/2681986674edb8d5bcf856f36d50e381_thumb.jpg</thumbnail>
</item>

<item>
<title>Tế Bào Tình Yêu - Love Cells -  2014 (15/15 tập)</title>
<link>http://server3.dangcaphd.com/p4R4cDQnzcUagcNa/phimbo2014/Love.Cell/Love.Cell.1.mp4</link>
<thumbnail>http://media.dangcaphd.com/public/c5f2e0587411090c388e1e387734e16f_thumb.jpg</thumbnail>
</item>

<item>
<title>Sons of Anarchy: Season 5 - Giang Hồ Đẫm Máu: Phần 5 - 2012 (Trọn Bộ 13 Tập)</title>
<link>http://server3.dangcaphd.com/p4R4cDQnzcUagcNa/phimbo2014/Sons.of.Anarchy.S05/sons.of.anarchy.s05e01.mp4</link>
<thumbnail>http://media.dangcaphd.com/public/8fbddfa6ba32be33c00580c4dbf6db8c_thumb.jpg</thumbnail>
</item>

<item>
<title>Haven: Season 4 - Thị Trấn Haven: Phần 4 - 2013 (Trọn Bộ 13 Tập)</title>
<link>http://server3.dangcaphd.com/p4R4cDQnzcUagcNa/phimbo2014/Haven.S04/Haven.s04e01.mp4</link>
<thumbnail>http://media.dangcaphd.com/public/d42bb3df378cab63ee56eb3032f1787e_thumb.jpg</thumbnail>
</item>

<item>
<title>Haven: Season 3 - Thị Trấn Haven: Phần 3 - 2012 (Trọn Bộ 13 Tập)</title>
<link>http://server3.dangcaphd.com/p4R4cDQnzcUagcNa/phimbo2014/Haven.S03/Haven.s03e01.mp4</link>
<thumbnail>http://media.dangcaphd.com/public/bf0f21400e211923143d0cc3f6818a4a_thumb.jpg</thumbnail>
</item>

<item>
<title>Haven: Season 2 - Thị Trấn Haven: Phần 2 - 2011 (Trọn Bộ 13 Tập)</title>
<link>http://server3.dangcaphd.com/p4R4cDQnzcUagcNa/phimbo2014/Haven.S02/Haven.s02e01.mp4</link>
<thumbnail>http://media.dangcaphd.com/public/561440f960304f18a52a25af03c293c5_thumb.jpg</thumbnail>
</item>

<item>
<title>Pinocchio Hàn Quốc - Cô Bé Người Gỗ - 2014 (20/20 Tập )</title>
<link>http://server3.dangcaphd.com/p4R4cDQnzcUagcNa/phimbo2014/Pinocchio/Pinocchio.E01.mp4</link>
<thumbnail>http://media.dangcaphd.com/public/6892c28646177ec118a9d6d17bd43da6_thumb.jpg</thumbnail>
</item>

<item>
<title>Anh Hùng Trong Biển Lửa - 2009 ( 32 tập )</title>
<link>http://server3.dangcaphd.com/p4R4cDQnzcUagcNa/phimbo2014/AnhHungTrongBienLua/AnhHungTrongBienLua_Tap01.mp4</link>
<thumbnail>http://media.dangcaphd.com/public/694b582b2f35a9c7c78b8f2b2b5616f5_thumb.jpg</thumbnail>
</item>

<item>
<title>Anh Họ Cố Lên - 2013 ( 19 Tập )</title>
<link>http://server3.dangcaphd.com/p4R4cDQnzcUagcNa/phimbo2014/Anh.Ho.Co.Len/Anh.Ho.Co.Len.01.mp4</link>
<thumbnail>http://media.dangcaphd.com/public/6b1ad02ba827ca03327dc34385f54d11_thumb.jpg</thumbnail>
</item>

<item>
<title>White Collar Season 6 - Cổ Cồn Trắng Phần 6 - 2014 ( 6/13 Tập)</title>
<link>http://server3.dangcaphd.com/p4R4cDQnzcUagcNa/phimbo2014/White.Collar.S06/White.Collar.S06E01.mp4</link>
<thumbnail>http://media.dangcaphd.com/public/0ce4d8f0e4194fcd016a15b6c58cc479_thumb.jpg</thumbnail>
</item>

<item>
<title>Sàn Đấu Cuộc Đời - 2012 ( 25 tập )</title>
<link>http://server3.dangcaphd.com/p4R4cDQnzcUagcNa/phimbo2014/SanDauCuocDoi/SanDauCuocDoi--Gloves.Come.Off.2012.Ep01-muxed.mp4</link>
<thumbnail>http://media.dangcaphd.com/public/2f35e8a11bd6565de0fddfe43e4f7b2a_thumb.jpg</thumbnail>
</item>

<item>
<title>Pháp Luật Vô Hình - 2013 ( Thuyết Minh )</title>
<link>http://server3.dangcaphd.com/p4R4cDQnzcUagcNa/phimbo2014/PhapLuatVoHinh/[tvb.vn]PhapLuatVoHinh01-muxed.mp4</link>
<thumbnail>http://media.dangcaphd.com/public/4360be27ff40377f223e94c520cf2fdf_thumb.jpg</thumbnail>
</item>

<item>
<title>Lòng Mẹ - Mama – Nothing to Fear - 2014 ( 24/50 tập)</title>
<link>http://server3.dangcaphd.com/p4R4cDQnzcUagcNa/phimbo2014/LongMe/LongMe-Mama.01.mp4</link>
<thumbnail>http://media.dangcaphd.com/public/8a4ce68d15a279f1d4cae1fb9c4d820a_thumb.jpg</thumbnail>
</item>

<item>
<title>Reset - Cuộc Đối Đầu Ngoạn Mục - 2014( Thuyết Minh)</title>
<link>http://server3.dangcaphd.com/p4R4cDQnzcUagcNa/phimbo2014/CuocDoiDau/CuocDoiDauNgoanMuc-Reset.01.mp4</link>
<thumbnail>http://media.dangcaphd.com/public/dc126faeb1f7dc965eb30d2f340a94c9_thumb.jpg</thumbnail>
</item>

<item>
<title>Vệ Tử Phu - 2014 (41/41 Tập)</title>
<link>http://server3.dangcaphd.com/p4R4cDQnzcUagcNa/phimbo2014/Ve.Tu.Phu/Ve.Tu.Phu.Ep01.mp4</link>
<thumbnail>http://media.dangcaphd.com/public/e071167eb9f2a67a543fdc1b88066581_thumb.jpg</thumbnail>
</item>

<item>
<title>Elementary Season 3 - Điều Cơ Bản Phần 3 - 2014</title>
<link>http://server3.dangcaphd.com/p4R4cDQnzcUagcNa/phimbo2014/Elemary/Elementary.S03E01.mp4</link>
<thumbnail>http://media.dangcaphd.com/public/d960282ed8e1e5d65226d9058c694750_thumb.jpg</thumbnail>
</item>

<item>
<title>Pride and Prejudice - Kiêu Hãnh Và Định Kiến - 2014 (21/21 Tập)</title>
<link>http://server3.dangcaphd.com/p4R4cDQnzcUagcNa/phimbo2014/Pride.and.Prejudice/Pride.and.Prejudice.E01.mp4</link>
<thumbnail>http://media.dangcaphd.com/public/dc49ea9d79f2996980fe04e2342ef4e4_thumb.jpg</thumbnail>
</item>

<item>
<title>Diors Man: Season 1 - Kẻ Thất Bại: Phần 1 - 2012 (04/07 Tập)</title>
<link>http://server3.dangcaphd.com/p4R4cDQnzcUagcNa/phimbo2014/Dior.Man/Diors.Man.S01.E01.mp4</link>
<thumbnail>http://media.dangcaphd.com/public/4d647f951e49c87a93d321ef829d1a6f_thumb.jpg</thumbnail>
</item>

<item>
<title>Mom Season 2 - Mẹ Phần 2 - 2014 (11/22 Tập)</title>
<link>http://server3.dangcaphd.com/p4R4cDQnzcUagcNa/phimbo2014/Mom/Mom.S02E01.mp4</link>
<thumbnail>http://media.dangcaphd.com/public/6eeacb08db6264cf895b4303326f3447_thumb.jpg</thumbnail>
</item>

<item>
<title>Grimm Season 4 - Săn Lùng Quái Vật Phần 4 - 2014 (10/22 Tập)</title>
<link>http://server3.dangcaphd.com/p4R4cDQnzcUagcNa/phimbo2014/Grim/Grimm.S04E01.mp4</link>
<thumbnail>http://media.dangcaphd.com/public/cb926966ecbb0292ee2412e9a3894739_thumb.jpg</thumbnail>
</item>

<item>
<title>Brooklyn Nine Season 1 - Cảnh Sát Brooklyn Phần 1 - 2013 (06/22 Tập)</title>
<link>http://server3.dangcaphd.com/p4R4cDQnzcUagcNa/phimbo2014/Brooklyn.Nine.Nine/Brooklyn.Nine.Nine.S01E01.mp4</link>
<thumbnail>http://media.dangcaphd.com/public/632e3760b5aca202708f04698fc16ad4_thumb.jpg</thumbnail>
</item>

<item>
<title>Birth of a Beauty - Biến Đổi Mỹ Nhân - 2014 (21/21 Tập)</title>
<link>http://server3.dangcaphd.com/p4R4cDQnzcUagcNa/phimbo2014/Birth.of.a.Beauty/Birth.of.a.Beauty.E01.mp4</link>
<thumbnail>http://media.dangcaphd.com/public/cda6584c6a366fb3028625f7a855b87a_thumb.jpg</thumbnail>
</item>

<item>
<title>Những Gã Tồi - Bad Guys - 2014 (11/11 Tập)</title>
<link>http://server3.dangcaphd.com/p4R4cDQnzcUagcNa/phimbo2014/Bad.Guys/Bad.Guys.E01.mp4</link>
<thumbnail>http://media.dangcaphd.com/public/e55a195473c7583f8ce78609b3c97cc0_thumb.jpg</thumbnail>
</item>

<item>
<title>The Mentalist Season 6 - Thám Tử Đại Tài Phần 6 - 2013 (Trọn Bộ 22 Tập)</title>
<link>http://server3.dangcaphd.com/p4R4cDQnzcUagcNa/phimbo2014/The%20Mentalist%20S06/The.Mentalist.S06E01.mp4</link>
<thumbnail>http://media.dangcaphd.com/public/83c83226b30de3c3c50871261b57ab8f_thumb.jpg</thumbnail>
</item>

<item>
<title>The Mentalist Season 5 - Thám Tử Đại Tài Phần 5 - 2012 (Trọn Bộ 22 Tập)</title>
<link>http://server3.dangcaphd.com/p4R4cDQnzcUagcNa/phimbo2014/The%20Mentalist%20S05/The.Mentalist.S05E01.mp4</link>
<thumbnail>http://media.dangcaphd.com/public/14e67c6bc6d2dcadba1735023c7e088a_thumb.jpg</thumbnail>
</item>

<item>
<title>The Mentalist Season 4 - Thám Tử Đại Tài Phần 4 - 2011 (Trọn Bộ 24 Tập)</title>
<link>http://server3.dangcaphd.com/p4R4cDQnzcUagcNa/phimbo2014/The%20Mentalist%20S04/The.Mentalist.S04E01.mp4</link>
<thumbnail>http://media.dangcaphd.com/public/352a058d154942c8b34b4eff6cee14a7_thumb.jpg</thumbnail>
</item>

<item>
<title>The Mentalist Season 3 - Thám Tử Đại Tài Phần 3 - 2010 (23/23 Tập)</title>
<link>http://server3.dangcaphd.com/p4R4cDQnzcUagcNa/phimbo2014/The%20Mentalist%20S03/The.Mentalist.S03E01.mp4</link>
<thumbnail>http://media.dangcaphd.com/public/86ab06844637ed92e4d2f6dbee991c73_thumb.jpg</thumbnail>
</item>

<item>
<title>The Mentalist Season 2 - Thám Tử Đại Tài Phần 2 - 2009 (Trọn Bộ 23 Tập)</title>
<link>http://server3.dangcaphd.com/p4R4cDQnzcUagcNa/phimbo2014/The%20Mentalist%20S02/The.Mentalist.S02E01.mp4</link>
<thumbnail>http://media.dangcaphd.com/public/2cad2fc4dec13febc8e63518d1bf6466_thumb.jpg</thumbnail>
</item>

<item>
<title>The Mentalist Season 1 - Thám Tử Đại Tài Phần 1 - 2008 (Trọn Bộ 23 Tập)</title>
<link>http://server3.dangcaphd.com/p4R4cDQnzcUagcNa/phimbo2014/The%20Mentalist%20S01/The.Mentalist.S01E01.mp4</link>
<thumbnail>http://media.dangcaphd.com/public/f18b264b7ad0627a8f05d4577cc28cdc_thumb.jpg</thumbnail>
</item>

<item>
<title>Tân Mã Vĩnh Trinh - 2012 - Thuyết Minh ( 40 Tập )</title>
<link>http://server3.dangcaphd.com/p4R4cDQnzcUagcNa/phimbo2014/TanMaVinhTrinh/TanMaVinhTrinh.2012.E01.mp4</link>
<thumbnail>http://media.dangcaphd.com/public/7356b619b1920c2fd8f82f025fc81c99_thumb.jpg</thumbnail>
</item>

<item>
<title>Nhất Đại Võ Thần - God Of War - 2012 ( 56 Tập )</title>
<link>http://server3.dangcaphd.com/p4R4cDQnzcUagcNa/phimbo2014/NhatDaiVoThan/NhatDaiVoThan-GodofWar.EP01.mp4</link>
<thumbnail>http://media.dangcaphd.com/public/415e94f2a1b1e8ece4423cd4dc3eddf6_thumb.jpg</thumbnail>
</item>

<item>
<title>Hoa Hậu Hàn Quốc - Miss Korea - Thuyết Minh - 2013 ( 20 Tập )</title>
<link>http://server3.dangcaphd.com/p4R4cDQnzcUagcNa/phimbo2014/HoaHauHanQuoc/HoaHauHanQuoc.2014.E01.mp4</link>
<thumbnail>http://media.dangcaphd.com/public/a6ec001a147ea277839cd5f6c2557746_thumb.jpg</thumbnail>
</item>

