<item>
<title>Arrow Season 2 - Mũi Tên Xanh Phần 2 - 2013 (23/23 Tập)</title>
<link>http://server2.dangcaphd.com/3ZKc7Af3BGZrgWSrNggs/Phim%20Bo/Arrow.S02/Arrow.S02E01.mp4</link>
<thumbnail>http://media.dangcaphd.com/public/af73d833af541fea3e263c85f8ed47d2_thumb.jpg</thumbnail>
</item>

<item>
<title>Nikita Season 1 - Sát Thủ Nikita 1 - 2010 - (Trọn Bộ 22 Tập)</title>
<link>http://server1.dangcaphd.com/p6jdqdE5QKfXAYgVphim/phimbo/Nikita.S01/Nikita.S01E01.mp4</link>
<thumbnail>http://media.dangcaphd.com/public/cebd89e89a3f0f2bb5b434dd04a5f1f9_thumb.jpg</thumbnail>
</item>

<item>
<title>The Walking Dead Season 2 -  Xác Sống 2  - 2011</title>
<link>http://server1.dangcaphd.com/p6jdqdE5QKfXAYgVphim/phimbo/The.Walking.Dead.S02/The.Walking.Dead.S02E01.mp4</link>
<thumbnail>http://media.dangcaphd.com/public/cf2f5055392337f702f172ff0d1a3ebd_thumb.jpg</thumbnail>
</item>

<item>
<title>The Walking Dead Season 1 -  Xác Sống 1 - 2010</title>
<link>http://server1.dangcaphd.com/p6jdqdE5QKfXAYgVphim/phimbo/The.Walking.Dead.S01/The.Walking.Dead.S01E01.mp4</link>
<thumbnail>http://media.dangcaphd.com/public/4e06ea433a894f68ec5998f7d9ef7386_thumb.jpg</thumbnail>
</item>

<item>
<title>Arrow Season 1 - Mũi Tên Xanh Phần 1 - 2012</title>
<link>http://server2.dangcaphd.com/3ZKc7Af3BGZrgWSrNggs/Phim%20Bo/Arrow.S01/Arrow.S01E01.mp4</link>
<thumbnail>http://media.dangcaphd.com/public/9e35a910c9c4627418b127e5e031d02b_thumb.jpg</thumbnail>
</item>

<item>
<title>The Walking Dead Season 3 - Xác Sống 3 - 2012</title>
<link>http://server1.dangcaphd.com/p6jdqdE5QKfXAYgVphim/phimbo/The.Walking.Dead.S03/The.Walking.Dead.S03E01.mp4</link>
<thumbnail>http://media.dangcaphd.com/public/9cf056689071c5b1cd29d519eeb6f801_thumb.jpg</thumbnail>
</item>

<item>
<title>Ngôi Nhà Gỗ Trong Rừng - The Cabin in the Woods (2011)</title>
<link>http://server1.dangcaphd.com/p6jdqdE5QKfXAYgVphim/The.Cabin.in.the.Woods.2011_0_600.mp4</link>
<thumbnail>http://media.dangcaphd.com/public/cf3a1b2206fc5b80a99ca8d77dcb9c8f_thumb.jpg</thumbnail>
</item>

<item>
<title>The Walking Dead : Season 4 - Xác Sống 4 (2013)</title>
<link>http://server1.dangcaphd.com/p6jdqdE5QKfXAYgVphim/phimbo/The.Walking.Dead.S04/The.Walking.Dead.S04E01.mp4</link>
<thumbnail>http://media.dangcaphd.com/public/662c25a9717c032f11a402f3eb0153f3_thumb.jpg</thumbnail>
</item>

