<item>
<title>Teen Wolf Season 2 - Người Sói Teen Phần 2 - 2012</title>
<link>http://server3.dangcaphd.com/p4R4cDQnzcUagcNa/phimbo/Teen.Wolf.S02/[E.Zone].Teen.Wolf.S02E01.HD.KITES.VN-muxed.mp4</link>
<thumbnail>http://media.dangcaphd.com/public/4cdaf0a337cb06fd8566e5b54331389d_thumb.jpg</thumbnail>
</item>

<item>
<title>24 Hours: Season 2 - 24 Giờ Chống Khủng Bố: Phần 2 - 2002</title>
<link>http://server3.dangcaphd.com/p4R4cDQnzcUagcNa/phimbo/24.S02/24.S02E01.mp4</link>
<thumbnail>http://media.dangcaphd.com/public/a33325f9762a515ea8f38ce96a5d7161_thumb.jpg</thumbnail>
</item>

<item>
<title>The Last Ship - Season 1 - Chiến Hạm Cuối Cùng 1 - 2014</title>
<link>http://server3.dangcaphd.com/p4R4cDQnzcUagcNa/phimbo/The.Last.Ship.S01E01.mp4</link>
<thumbnail>http://media.dangcaphd.com/public/530e5bd70405f4c0f5d001629da306b5_thumb.jpg</thumbnail>
</item>

<item>
<title>Graceland Season 2 - Miền Đất Hứa 2 - 2014</title>
<link>http://server3.dangcaphd.com/p4R4cDQnzcUagcNa/phimbo/Graceland.S02/Graceland.S02E01.mp4</link>
<thumbnail>http://media.dangcaphd.com/public/d2562b8cfbdd60ef4f16b274d65c2148_thumb.jpg</thumbnail>
</item>

<item>
<title>Dominion: Season 1 - Ác Thần: Phần 1 - 2014</title>
<link>http://server3.dangcaphd.com/p4R4cDQnzcUagcNa/phimbo/Dominion.S01/Dominion.S01E01.mp4</link>
<thumbnail>http://media.dangcaphd.com/public/9c8eea79d64e3380c4e76d612c7b7f68_thumb.jpg</thumbnail>
</item>

<item>
<title>True Blood Season 7 - Thuần Huyết Phần 7 - 2014 ( Tập 10/10)</title>
<link>http://server3.dangcaphd.com/p4R4cDQnzcUagcNa/phimbo/true.blood.s07/true.blood.s07e01.mp4</link>
<thumbnail>http://media.dangcaphd.com/public/1e2e8d6d06c2d66f15e8f011faadc9d0_thumb.jpg</thumbnail>
</item>

<item>
<title>24 Hours: Season 8 - 24 Giờ Chống Khủng Bố: Phần 8 - 2008 (24/24 Tập)</title>
<link>http://server3.dangcaphd.com/p4R4cDQnzcUagcNa/phimbo/24%20S08/24.S08E01.mp4</link>
<thumbnail>http://media.dangcaphd.com/public/f61344d8b8482ab72446330da6de1820_thumb.jpg</thumbnail>
</item>

<item>
<title>24 Hours: Season 7 - 24 Giờ Chống Khủng Bố: Phần 7 - 2007 (24/24 Tập)</title>
<link>http://server3.dangcaphd.com/p4R4cDQnzcUagcNa/phimbo/24%20S07/24.S07E01.mp4</link>
<thumbnail>http://media.dangcaphd.com/public/a2148f34a4de5f45b288a3756887003e_thumb.jpg</thumbnail>
</item>

<item>
<title>24 Hours: Season 6 - 24 Giờ Chống Khủng Bố: Phần 6 - 2006 (24/24 Tập)</title>
<link>http://server3.dangcaphd.com/p4R4cDQnzcUagcNa/phimbo/24%20S06/24.S06E01.mp4</link>
<thumbnail>http://media.dangcaphd.com/public/2985bc47706f6f1f092293cde1cbd53a_thumb.jpg</thumbnail>
</item>

<item>
<title>24 Hours: Season 5 - 24 Giờ Chống Khủng Bố: Phần 5 - 2005</title>
<link>http://server2.dangcaphd.com/3ZKc7Af3BGZrgWSrNggs/Phim%20Bo/24%20S05/24.S05E01.mp4</link>
<thumbnail>http://media.dangcaphd.com/public/89f04f04ecc258e7668d60728d408510_thumb.jpg</thumbnail>
</item>

<item>
<title>Đội Hành Động Liêm Chính 2011</title>
<link>http://server2.dangcaphd.com/3ZKc7Af3BGZrgWSrNggs/Phim%20Bo/DoiHanhDongLiemChinh.2011/DoiHanhDongLiemChinh.2011.E01.720p-muxed.mp4</link>
<thumbnail>http://media.dangcaphd.com/public/935ee0e89b26caf56f7bdcea970781cd_thumb.jpg</thumbnail>
</item>

<item>
<title>Đội Hành Động Liêm Chính - 2014</title>
<link>http://server2.dangcaphd.com/3ZKc7Af3BGZrgWSrNggs/Phim%20Bo/DoiHanhDongLiemChinh.2014/HD720p_DoiHanhDongLiemChinh2014_01_DPMLT-muxed.mp4</link>
<thumbnail>http://media.dangcaphd.com/public/26c1b67db36a40feda19ae3275a5f5ee_thumb.jpg</thumbnail>
</item>

<item>
<title>24 Hours: Season 4 - 24 Giờ Chống Khủng Bố: Phần 4 - 2004 (24/24 Tập)</title>
<link>http://server2.dangcaphd.com/3ZKc7Af3BGZrgWSrNggs/Phim%20Bo/24%20S04/24.S04E01.mp4</link>
<thumbnail>http://media.dangcaphd.com/public/ddadd372efd7477e0249de9264055475_thumb.jpg</thumbnail>
</item>

<item>
<title>24 Hours: Season 3 - 24 Giờ Chống Khủng Bố: Phần 3 - 2003 (24/24 Tập)</title>
<link>http://server2.dangcaphd.com/3ZKc7Af3BGZrgWSrNggs/Phim%20Bo/24%20S03/24.S03E01.mp4</link>
<thumbnail>http://media.dangcaphd.com/public/f9ab25c04a4c209b350740a9539cf7f0_thumb.jpg</thumbnail>
</item>

<item>
<title>Cửu Giang Thập Nhị Phường - 2014</title>
<link>http://server2.dangcaphd.com/3ZKc7Af3BGZrgWSrNggs/Phim%20Bo/Cuu.Giang.Thap.Nhi.Phuong.2014/Cuu.Giang.Thap.Nhi.Phuong.01.mp4</link>
<thumbnail>http://media.dangcaphd.com/public/4415dcf14ade90c37d36a19d53a4dccc_thumb.jpg</thumbnail>
</item>

<item>
<title>Faking It Season 1 - Nổi Tiếng Nhanh Phần 1 - 2014</title>
<link>http://server2.dangcaphd.com/3ZKc7Af3BGZrgWSrNggs/Phim%20Bo/faking.it.S01/faking.it.2014.s01e01.mp4aking.it.2014.s01e01.mp4</link>
<thumbnail>http://media.dangcaphd.com/public/4a979a54b26b54d01f77f9750a89b799_thumb.jpg</thumbnail>
</item>

<item>
<title>Secret Love Affair - Mối Tình Bí Mật - 2014</title>
<link>http://server2.dangcaphd.com/3ZKc7Af3BGZrgWSrNggs/Phim%20Bo/Secret.Love.Affair/Secret.Love.Affair.E01.mp4</link>
<thumbnail>http://media.dangcaphd.com/public/904de39c086d598fca6bbb00b87a37e7_thumb.jpg</thumbnail>
</item>

<item>
<title>Pretty Little Liars Season 5 - Những Thiên Thần Nói Dối 5 - 2014 (15/15 Tập)</title>
<link>http://server3.dangcaphd.com/p4R4cDQnzcUagcNa/phimbo/Pretty.Little.Liars.S05/Pretty.Little.Liars.S05E01.mp4</link>
<thumbnail>http://media.dangcaphd.com/public/c1b05c0d98d1af5e2b420839f3ac5634_thumb.jpg</thumbnail>
</item>

<item>
<title>Những Đứa Con Biệt Động Sài Gòn 2 - 2014</title>
<link>http://server2.dangcaphd.com/3ZKc7Af3BGZrgWSrNggs/Phim%20Bo/Nhung.Dua.Con.Biet.Dong.Sai.Gon.II/Nhung.Dua.Con.Biet.Dong.Sai.Gon.II.720p.x264.Tap.01-muxed.mp4</link>
<thumbnail>http://media.dangcaphd.com/public/1b856cf3f4b04b93dd98039ae1a80e05_thumb.jpg</thumbnail>
</item>

<item>
<title>Hotel King - Ông Hoàng Khách Sạn - 2014 (32/32 Tập)</title>
<link>http://server2.dangcaphd.com/3ZKc7Af3BGZrgWSrNggs/Phim%20Bo/Hotel.King.2014/[K-zone].Hotel.King.E01.HD.KITESVN.COM-muxed.mp4</link>
<thumbnail>http://media.dangcaphd.com/public/0ffbf35726a5db67847efae5e02e78c5_thumb.jpg</thumbnail>
</item>

<item>
<title>Angel Eyes - Đôi Mắt Thiên Thần - 2014</title>
<link>http://server2.dangcaphd.com/3ZKc7Af3BGZrgWSrNggs/Phim%20Bo/Angel%20Eyes%202014/[K-Zone].Angle.Eyes.Ep01.HD.KITESVN-muxed.mp4</link>
<thumbnail>http://media.dangcaphd.com/public/fa99f998df13304fd9eb85bf68fa894c_thumb.png</thumbnail>
</item>

<item>
<title>Halt and Catch Fire: Season 1 - Dừng Và Bắt Lửa: Phần 1 - 2014 (1/10 Tập)</title>
<link>http://server2.dangcaphd.com/3ZKc7Af3BGZrgWSrNggs/Phim%20Bo/Halt.and.Catch.Fire.S01/Halt.and.Catch.Fire.S01E01.mp4</link>
<thumbnail>http://media.dangcaphd.com/public/097df061a58d7c60afc9fe526cfd777e_thumb.jpg</thumbnail>
</item>

<item>
<title>Falling Skies: Season 4 - Aliens Tấn Công Trái Đất: Phần 4 - 2014 (12/12 Tập)</title>
<link>http://server3.dangcaphd.com/p4R4cDQnzcUagcNa/phimbo//Falling.Skies.S04/Falling.Skies.S04E01.mp4</link>
<thumbnail>http://media.dangcaphd.com/public/920acfe35fd904b45caae8e5ffc9a69a_thumb.jpg</thumbnail>
</item>

<item>
<title>Crisis: Season 1 - Cuộc Khủng Hoảng: Phần 1 - 2014</title>
<link>http://server3.dangcaphd.com/p4R4cDQnzcUagcNa/phimbo/Crisis.S01/Crisis.S01E01.mp4</link>
<thumbnail>http://media.dangcaphd.com/public/f03ee5d3ebb2d1d7e17feca4acc380b5_thumb.jpg</thumbnail>
</item>

<item>
<title>Never Dance Alone - Mộng Ước Ngày Xưa - 2014</title>
<link>http://server2.dangcaphd.com/3ZKc7Af3BGZrgWSrNggs/Phim%20Bo/NeverDanceAlone/NeverDanceAlone.01.mp4</link>
<thumbnail>http://media.dangcaphd.com/public/6988a2f0234650fa41de74b6f0fa3e96_thumb.jpg</thumbnail>
</item>

<item>
<title>Vi Sư Sắc Sảo - 2013 ( Trọn bộ 44 tập )</title>
<link>http://server2.dangcaphd.com/3ZKc7Af3BGZrgWSrNggs/Phim%20Bo/ViSuSacSao/Vi.Su.Sac.Sao.01-muxed.mp4</link>
<thumbnail>http://media.dangcaphd.com/public/68b305787e3d3f87eec6db30f990e543_thumb.jpg</thumbnail>
</item>

<item>
<title>God's Gift 14 Days - 14 Ngày Định Mệnh - 2014</title>
<link>http://server2.dangcaphd.com/3ZKc7Af3BGZrgWSrNggs/Phim%20Bo/14Days/14Days01-muxed.mp4</link>
<thumbnail>http://media.dangcaphd.com/public/f54e5a61c5832aa20fb559786fa005d7_thumb.jpg</thumbnail>
</item>

<item>
<title>You're All Surrounded - Chạy Đâu Cho Thoát - 2014 ( 20/20 Tập)</title>
<link>http://server2.dangcaphd.com/3ZKc7Af3BGZrgWSrNggs/Phim%20Bo/Youre.All.Surrounded.2014/[K-Zone].Youre.All.Surrounded.E01.HD.KITESVN.COM-muxed.mp4</link>
<thumbnail>http://media.dangcaphd.com/public/f42eac3cfc9f42376c8dbbe8977321ab_thumb.jpg</thumbnail>
</item>

<item>
<title>Triangle - Bộ Ba - 2014</title>
<link>http://server2.dangcaphd.com/3ZKc7Af3BGZrgWSrNggs/Phim%20Bo/Triangle.2014/[K-Zone].Triangle.E01.HD.KITESVN.COM-muxed.mp4</link>
<thumbnail>http://media.dangcaphd.com/public/9805aeec8bdf1c20a4597276ecc5cccd_thumb.jpg</thumbnail>
</item>

<item>
<title>The Big Bang Theory - Season 7 - Vụ Nổ Lớn 7 - 2013</title>
<link>http://server2.dangcaphd.com/3ZKc7Af3BGZrgWSrNggs/Phim%20Bo/The.Big.Bang.Theory.S07/The.Big.Bang.Theory.S07.E01.mp4</link>
<thumbnail>http://media.dangcaphd.com/public/5f7f05165adc8cb8dc94e64fd5b2aa19_thumb.jpg</thumbnail>
</item>

<item>
<title>The Big Bang Theory: Season 6 - Vụ Nổ Lớn: Phần 6 - 2012</title>
<link>http://server2.dangcaphd.com/3ZKc7Af3BGZrgWSrNggs/Phim%20Bo/The.Big.Bang.Theory.S06/The.Big.Bang.Theory.S06.E01.mp4</link>
<thumbnail>http://media.dangcaphd.com/public/3c55c68424168f67622cea6b582a4353_thumb.jpg</thumbnail>
</item>

<item>
<title>The Big Bang Theory: Season 5 - Vụ Nổ Lớn: Phần 5 - Trọn Bộ 24 Tập - 2011</title>
<link>http://server2.dangcaphd.com/3ZKc7Af3BGZrgWSrNggs/Phim%20Bo/The.Big.Bang.Theory.S05/The.Big.Bang.Theory.S05.E01.mp4</link>
<thumbnail>http://media.dangcaphd.com/public/25f0c69196badb256c51b0406ff9bbca_thumb.jpg</thumbnail>
</item>

<item>
<title>The Big Bang Theory: Season 4 - Vụ Nổ Lớn: Phần 4 - Trọn Bộ 24 Tập - 2010</title>
<link>http://server2.dangcaphd.com/3ZKc7Af3BGZrgWSrNggs/Phim%20Bo/The.Big.Bang.Theory.S04/The.Big.Bang.Theory.S04.E01.mp4</link>
<thumbnail>http://media.dangcaphd.com/public/65d8fb0bba0a5676cf4c599725eca97b_thumb.jpg</thumbnail>
</item>

<item>
<title>The Big Bang Theory: Season 3 - Vụ Nổ Lớn: Phần 3 (Trọn Bộ 23 Tập) - 2009</title>
<link>http://server2.dangcaphd.com/3ZKc7Af3BGZrgWSrNggs/Phim%20Bo/The.Big.Bang.Theory.S03/The.Big.Bang.Theory.S03E01.mp4</link>
<thumbnail>http://media.dangcaphd.com/public/56983b186982b04c4187a7280fa37bb6_thumb.jpg</thumbnail>
</item>

<item>
<title>The Big Bang Theory: Season 2 - Vụ Nổ Lớn: Phần 2 - Trọn Bộ 23 Tập - 2008</title>
<link>http://server2.dangcaphd.com/3ZKc7Af3BGZrgWSrNggs/Phim%20Bo/The.Big.Bang.Theory.S02/The.Big.Bang.Theory.S02E01.mp4</link>
<thumbnail>http://media.dangcaphd.com/public/810cb4dc552ba43907b3da2b3c45babf_thumb.jpg</thumbnail>
</item>

