<item>
<title>Vân Sơn 50</title>
<link>http://server3.dangcaphd.com/p4R4cDQnzcUagcNa/Vanson/Van.Son.50.In.Viet.Nam.Chuyen.Tinh.Que.Huong.Toi.DVD9.Disc1_0_295.mp4</link>
<thumbnail>http://media.dangcaphd.com/public/197da316887622c838408d8b9c45d6b3_thumb.jpg</thumbnail>
</item>

<item>
<title>Paris By Night 104 - 3 Phần</title>
<link>http://server3.dangcaphd.com/p4R4cDQnzcUagcNa/ThuyNga/Paris.By.Night.104_001_0_297.mp4</link>
<thumbnail>http://media.dangcaphd.com/public/3283e84d99ed300b2c90622e33c7b539_thumb.jpg</thumbnail>
</item>

<item>
<title>Paris By Night 105 - 3 Phần</title>
<link>http://server3.dangcaphd.com/p4R4cDQnzcUagcNa/ThuyNga/Paris.By.Night.105_001_0_298.mp4</link>
<thumbnail>http://media.dangcaphd.com/public/6353363302c649ef5fc6cba2c8a6a2b2_thumb.jpg</thumbnail>
</item>

<item>
<title>Paris By Night 106 - 3 Phần</title>
<link>http://server3.dangcaphd.com/p4R4cDQnzcUagcNa/ThuyNga/Paris.By.Night.106_001_0_297.mp4</link>
<thumbnail>http://media.dangcaphd.com/public/daa14c36aea8b4f1b0c1ff0842e849a3_thumb.jpg</thumbnail>
</item>

<item>
<title>Paris By Night 107 - 3 Phần</title>
<link>http://server3.dangcaphd.com/p4R4cDQnzcUagcNa/ThuyNga/Paris.By.Night.107_001_0_296.mp4</link>
<thumbnail>http://media.dangcaphd.com/public/30501561e09ae5706cb141534bfefea1_thumb.jpg</thumbnail>
</item>

<item>
<title>Paris By Night 108 - 3 Phần</title>
<link>http://server3.dangcaphd.com/p4R4cDQnzcUagcNa/ThuyNga/Paris.By.Night.108_001_0_300.mp4</link>
<thumbnail>http://media.dangcaphd.com/public/95f52053db1dc67a740a66d2b2e2e3ca_thumb.jpg</thumbnail>
</item>

<item>
<title>Paris By Night 109 - 3 Phần</title>
<link>http://server3.dangcaphd.com/p4R4cDQnzcUagcNa/ThuyNga/Paris.By.Night.109_001_0_298.mp4</link>
<thumbnail>http://media.dangcaphd.com/public/62f6e7d4471b01b204cd530f55186372_thumb.jpg</thumbnail>
</item>

<item>
<title>Paris By Night 110 - 3 Phần</title>
<link>http://server3.dangcaphd.com/p4R4cDQnzcUagcNa/ThuyNga/Paris.By.Night.110_001_0_297.mp4</link>
<thumbnail>http://media.dangcaphd.com/public/a4ac1c735d372f2f9adb91a55595e0ad_thumb.jpg</thumbnail>
</item>

<item>
<title>Paris By Night 111 - 3 Phần</title>
<link>http://server3.dangcaphd.com/p4R4cDQnzcUagcNa/ThuyNga/Paris.By.Night.111_001_0_299.mp4</link>
<thumbnail>http://media.dangcaphd.com/public/b7334fc41fe0b9ce7f6212c8e28e3e47_thumb.jpg</thumbnail>
</item>

<item>
<title>Thuý Nga VFTV - Vstar Reunion 2014</title>
<link>http://server3.dangcaphd.com/p4R4cDQnzcUagcNa/ThuyNga/Vstar.2014.REUNION.DVD9.D1_0_298.mp4</link>
<thumbnail>http://media.dangcaphd.com/public/752ee09c724609d6d538f7d25722ae79_thumb.jpg</thumbnail>
</item>

<item>
<title>The Big Bang Theory  Season 8 - Vụ Nổ Lớn 8 - 2014</title>
<link>http://server3.dangcaphd.com/p4R4cDQnzcUagcNa/phimbo2014/The.Big.Bang.Theory.S08/The.Big.Bang.Theory.S08E01.mp4</link>
<thumbnail>http://media.dangcaphd.com/public/88d94203463e1bf96a3bc2ccabae608a_thumb.jpg</thumbnail>
</item>

<item>
<title>Surviving Jack Season 1 - Bố Ơi Cố Lên Phần 1 - 2014 (8/8 Tập)</title>
<link>http://server3.dangcaphd.com/p4R4cDQnzcUagcNa/phimbo2014/Surviving.Jack.S01/Surviving.Jack.S01E01.mp4</link>
<thumbnail>http://media.dangcaphd.com/public/b8ba987326019a715b5df72bdd6c89a7_thumb.jpg</thumbnail>
</item>

<item>
<title>Liều Lĩnh: Phần 1 - Reckless Us - 2014 (07/13 Tập)</title>
<link>http://server3.dangcaphd.com/p4R4cDQnzcUagcNa/phimbo2014/Reckless.US.S01/Reckless.US.S01E01.mp4</link>
<thumbnail>http://media.dangcaphd.com/public/6aa3909e729f9c083efc0ddc9dbd4d5a_thumb.jpg</thumbnail>
</item>

<item>
<title>Giang Hồ Đẫm Máu Phần 4 - Sons Of Anarchy - Season 4 - 2014 ( 14 tập )</title>
<link>http://server3.dangcaphd.com/p4R4cDQnzcUagcNa/phimbo2014/Sons.of.Anarchy.S04/Sons.of.Anarchy.S04E01.mp4</link>
<thumbnail>http://media.dangcaphd.com/public/66540e8d0b45b50bcd02ae21e96b9edc_thumb.jpg</thumbnail>
</item>

<item>
<title>How to Get Away with Murder: Season 1 - Lách Luật: Phần 1 - ( 9/13 Tập)</title>
<link>http://server3.dangcaphd.com/p4R4cDQnzcUagcNa/phimbo2014/How.to.Get.Away.with.Murder.S01/How.to.Get.Away.with.Murder.S01E01.mp4</link>
<thumbnail>http://media.dangcaphd.com/public/78e48f3d6719633dd825f20b8864ffbc_thumb.jpg</thumbnail>
</item>

<item>
<title>A To Z Season 1 - Từ A Đến Z Phần 1 - 2014 ( 4 tập )</title>
<link>http://server3.dangcaphd.com/p4R4cDQnzcUagcNa/phimbo2014/A.to.Z.S01/A.to.Z.S01E01.mp4</link>
<thumbnail>http://media.dangcaphd.com/public/eb31c8746ab61b966a20e934eaa39c51_thumb.jpg</thumbnail>
</item>

<item>
<title>Cô Nàng Đáng Yêu - My Lovely Girl - 2014 ( 16 tập )</title>
<link>http://server3.dangcaphd.com/p4R4cDQnzcUagcNa/phimbo2014/My.Lovely.Girl/My.Lovely.Girl.E01.mp4</link>
<thumbnail>http://media.dangcaphd.com/public/01446ce0f513c0bcc6f4fce7cb8b25c5_thumb.jpg</thumbnail>
</item>

<item>
<title>Phim Những Người Bạn Tốt: Phần 1 - 2014 (05/12 Tập)</title>
<link>http://server3.dangcaphd.com/p4R4cDQnzcUagcNa/phimbo2014/Friends.with.Better.Lives.S01/friends.with.better.lives.s01e01.mp4</link>
<thumbnail>http://media.dangcaphd.com/public/0ecbe2c92248c8462424c847913a7472_thumb.jpg</thumbnail>
</item>

<item>
<title>Người Sắt - Iron Man - 2014 ( 18 Tập END)</title>
<link>http://server3.dangcaphd.com/p4R4cDQnzcUagcNa/phimbo2014/Iron.Man/Iron.Man.E01.HD-muxed.mp4</link>
<thumbnail>http://media.dangcaphd.com/public/72088099236e60479bda086ae26fa444_thumb.jpg</thumbnail>
</item>

<item>
<title>Phim Mùa Hè Năm Ấy - One And A Half Summer - 2014</title>
<link>http://server3.dangcaphd.com/p4R4cDQnzcUagcNa/phimbo2014/One.And.A.Half.Summer/One.And.A.Half.Summer.E01.mp4</link>
<thumbnail>http://media.dangcaphd.com/public/cc8dda0db47d36e6cf34f77fbea22d6c_thumb.jpg</thumbnail>
</item>

<item>
<title>Tình Yêu Thời Weibo - V-love 2014 ( 40 Tập )</title>
<link>http://server3.dangcaphd.com/p4R4cDQnzcUagcNa/phimbo2014/Tinh.Yeu.Thoi.Weibo/Tinh.Yeu.Thoi.Weibo.E01.mp4</link>
<thumbnail>http://media.dangcaphd.com/public/940c0db4093a15d635e204abe91dba8b_thumb.jpg</thumbnail>
</item>

<item>
<title>Tân Thần Y Đại Đạo - New Legend God Of Medicine - 2014</title>
<link>http://server3.dangcaphd.com/p4R4cDQnzcUagcNa/phimbo2014/TanThanYDaiDao/TanThanYDaiDao.2014.E01.mp4</link>
<thumbnail>http://media.dangcaphd.com/public/20e05839b3c3ad7dcbaf1991d81252e3_thumb.jpg</thumbnail>
</item>

<item>
<title>Nữ Đặc Công X - Agent X - 2013</title>
<link>http://server3.dangcaphd.com/p4R4cDQnzcUagcNa/phimbo2014/Nu.Dac.Cong.X/Nu.Dac.Cong.X.E01.mp4</link>
<thumbnail>http://media.dangcaphd.com/public/cb3e98db1912adea1ca45e80824b9544_thumb.jpg</thumbnail>
</item>

<item>
<title>Năm Tháng Vội Vã - Back In Time - 2014 ( 16/16 Tập)</title>
<link>http://server3.dangcaphd.com/p4R4cDQnzcUagcNa/phimbo2014/Nam.Thang.Voi.Va/Nam.Thang.Voi.Va.E01.mp4</link>
<thumbnail>http://media.dangcaphd.com/public/df3e339488af5b4b3ffdb2675ecc4c58_thumb.jpg</thumbnail>
</item>

<item>
<title>Chung Cư Tình Yêu Phần 3 - chung cu tinh yeu phan 3 - 2014</title>
<link>http://server3.dangcaphd.com/p4R4cDQnzcUagcNa/phimbo2014/Chung.Cu.Tinh.Yeu.S03/Chung.Cu.Tinh.Yeu.S03.E01.mp4</link>
<thumbnail>http://media.dangcaphd.com/public/398230ea489ab019dceb0af392705ef2_thumb.png</thumbnail>
</item>

<item>
<title>Không Phải Tiếng Sét Ái Tình - Love At Second Sight - 2014 ( 27 tập)</title>
<link>http://server3.dangcaphd.com/p4R4cDQnzcUagcNa/phimbo2014/Khong.Phai.Tieng.Set.Ai.Tinh/Khong.Phai.Tieng.Set.Ai.Tinh.E01.mp4</link>
<thumbnail>http://media.dangcaphd.com/public/a358812cff3e2ac806a558023f967220_thumb.jpg</thumbnail>
</item>

<item>
<title>Trên Mặt Hồ -Top Of The Lake -2013 ( 7/7 Tập)</title>
<link>http://server3.dangcaphd.com/p4R4cDQnzcUagcNa/phimbo/Top.of.the.Lake.S01/Top.of.the.Lake.S01E01.mp4</link>
<thumbnail>http://media.dangcaphd.com/public/c70706c7101a72aa1dfe0f0379ca822d_thumb.jpg</thumbnail>
</item>

<item>
<title>Sở Lưu Hương Tân Truyện - 2011</title>
<link>http://server3.dangcaphd.com/p4R4cDQnzcUagcNa/phimbo/SoLuuHuongTanTruyen/SoLuuHuongTanTruyen_Tap01.mp4</link>
<thumbnail>http://media.dangcaphd.com/public/8ca3f307601db8bc4ae762b1c8d24aa8_thumb.jpg</thumbnail>
</item>

<item>
<title>Đế Chế Ngầm 5 - Boardwalk Empire - Season 5</title>
<link>http://server3.dangcaphd.com/p4R4cDQnzcUagcNa/phimbo/Boardwalk.Empire.S05/Boardwalk.Empire.S05E01.mp4</link>
<thumbnail>http://media.dangcaphd.com/public/dc52457b41a8ca168577a76cf9e180d8_thumb.jpg</thumbnail>
</item>

<item>
<title>Nữ Tướng Phàn Lê Huê -  Warrior Of Tang Dynasty -2012</title>
<link>http://server3.dangcaphd.com/p4R4cDQnzcUagcNa/phimbo/NuTuongPhanLeHue2011/NuTuongPhanLeHue2011.Ep01.mp4</link>
<thumbnail>http://media.dangcaphd.com/public/dc2780d42b3a607a52379ae7739614e9_thumb.jpg</thumbnail>
</item>

<item>
<title>Mỹ Nhân Ngư - Surplus Princess (10 Tập)</title>
<link>http://server3.dangcaphd.com/p4R4cDQnzcUagcNa/phimbo/Surplus.Princess.E01/Surplus.Princess.E01.mp4</link>
<thumbnail>http://media.dangcaphd.com/public/548e1bcd7a643ccc98ce1c09593b2fad_thumb.jpg</thumbnail>
</item>

<item>
<title>Truyền Thuyết 12 Con Giáp - Old Default - 2011 (Trọn Bộ 34 Tập)</title>
<link>http://server3.dangcaphd.com/p4R4cDQnzcUagcNa/phimbo/Truyen.Thuyet.12.Con.Giap/Truyen.Thuyet.12.Con.Giap..E01.mp4</link>
<thumbnail>http://media.dangcaphd.com/public/5a4f9b94de70fc1172d360bd84821798_thumb.jpg</thumbnail>
</item>

<item>
<title>Vịnh Xuân Quyền - 2013</title>
<link>http://server3.dangcaphd.com/p4R4cDQnzcUagcNa/phimbo/VinhXuanQuyen.2013/VinhXuanQuyen.2013.E01.mp4</link>
<thumbnail>http://media.dangcaphd.com/public/7be4e74479a9697315d2cf6025c8ea22_thumb.jpg</thumbnail>
</item>

<item>
<title>You're the Worst - Gã Tồi - 2014 (10/12 Tập)</title>
<link>http://server3.dangcaphd.com/p4R4cDQnzcUagcNa/phimbo/Youre.the.Worst.2014/Youre.the.Worst.2014.S01E01.mp4</link>
<thumbnail>http://media.dangcaphd.com/public/e8eddd115ae1630edfe7e485b115dc99_thumb.jpg</thumbnail>
</item>

<item>
<title>Mộc Phủ Phong Vân 1 - Mu Fu Feng Yun 1 2012</title>
<link>http://server3.dangcaphd.com/p4R4cDQnzcUagcNa/phimbo/MocPhuPhongVan.2012/MocPhuPhongVan.2012.E01.mp4</link>
<thumbnail>http://media.dangcaphd.com/public/0c67e00e3555119f91b093b22cd39c04_thumb.jpg</thumbnail>
</item>

