<item>
<title>Vân Sơn 13 - Atlantic City</title>
<link>http://server3.dangcaphd.com/upload/Le/thuy%20nga%20asia/VanSon13-InAtlanticCity_0_297.mp4</link>
<thumbnail>http://media.dangcaphd.com/public/fb624f06511b6f094aafac882165f710_thumb.jpg</thumbnail>
</item>

<item>
<title>Vân Sơn 18</title>
<link>http://server3.dangcaphd.com/upload/Le/thuy%20nga%20asia/VanSon18-SankhauvaNucuoi_0_297.mp4</link>
<thumbnail>http://media.dangcaphd.com/public/c9508f97e9e0a9e9df2863f7e99dc1c8_thumb.jpg</thumbnail>
</item>

<item>
<title>Vân Sơn 08 09 10 - Sân khấu và nụ cười</title>
<link>http://server3.dangcaphd.com/upload/Le/thuy%20nga%20asia/VanSon08-Sankhauvanucuoi_0_298.mp4</link>
<thumbnail>http://media.dangcaphd.com/public/360a50f208990fb1374ca707eff42027_thumb.jpg</thumbnail>
</item>

<item>
<title>Vân Sơn 03 04 05 06 07 - Nụ Cười và Âm Nhạc</title>
<link>http://server3.dangcaphd.com/upload/Le/thuy%20nga%20asia/VanSon03-NucuoivaAmnhac_0_299.mp4</link>
<thumbnail>http://media.dangcaphd.com/public/404519e216c4693360e582d630d39552_thumb.jpg</thumbnail>
</item>

<item>
<title>Vân Sơn 02</title>
<link>http://server3.dangcaphd.com/upload/Le/thuy%20nga%20asia/VanSon02-Daichienmanudatinh_0_297.mp4</link>
<thumbnail>http://media.dangcaphd.com/public/ff882c4e57eff7687d0aecbdacf43883_thumb.jpg</thumbnail>
</item>

<item>
<title>Vân Sơn 01</title>
<link>http://server3.dangcaphd.com/upload/Le/thuy%20nga%20asia/VanSon01-TiengcuoiCali_0_298.mp4</link>
<thumbnail>http://media.dangcaphd.com/public/fedbdcaa876873cf66bec270f39309d9_thumb.jpg</thumbnail>
</item>

<item>
<title>Tổng Hợp Paris By Night ( 46 / 46 Phần )</title>
<link>http://server3.dangcaphd.com/p4R4cDQnzcUagcNa/ThuyNga/Parisbynight.01_0_290.mp4</link>
<thumbnail>http://media.dangcaphd.com/public/f0198686fb973f6db58cf5d8ab3414b3_thumb.jpg</thumbnail>
</item>

<item>
<title>Castle Season 7 - Nhà Văn Phá Án 7 - 2014</title>
<link>http://server3.dangcaphd.com/p4R4cDQnzcUagcNa/phimbo2014/Castle.2009.S07/Castle.2009.S07E01.mp4</link>
<thumbnail>http://media.dangcaphd.com/public/0f9cdb0603e553ddcc607d22a27ab129_thumb.jpg</thumbnail>
</item>

<item>
<title>Ánh Dương Rực Rỡ - The Rising Sun 2 - 2014 ( 12/12 Tập )</title>
<link>http://server3.dangcaphd.com/p4R4cDQnzcUagcNa/phimbo2014/AnhDuongRucRo/Anh.Duong.Ruc.Ro.RFTD.E01.mp4</link>
<thumbnail>http://media.dangcaphd.com/public/9c59ae95a20b2beaf1f95f25e79b04a4_thumb.jpg</thumbnail>
</item>

<item>
<title>Khúc Nhạc Thăng Trầm - Tomorrow Cantabile - 2014 ( 16/16 Tập )</title>
<link>http://server3.dangcaphd.com/p4R4cDQnzcUagcNa/phimbo2014/KhucNhacThangTram/Cantabile.Tomorrow.E01.mp4</link>
<thumbnail>http://media.dangcaphd.com/public/c726f3a98ec0c5c5a379c09b5e91405f_thumb.jpg</thumbnail>
</item>

<item>
<title>Đại Dược Phường - 2014 ( 29/29 Tập )</title>
<link>http://server3.dangcaphd.com/p4R4cDQnzcUagcNa/phimbo2014/Dai.Duoc.Phuong/Dai.Duoc.Phuong.01.mp4</link>
<thumbnail>http://media.dangcaphd.com/public/72943dae099175cea5d324c9c97ba8f0_thumb.gif</thumbnail>
</item>

<item>
<title>Supernatural Season 10 - Siêu Nhiên Phần 10 - 2014 (11/23 Tập)</title>
<link>http://server3.dangcaphd.com/p4R4cDQnzcUagcNa/phimbo2014/Supernatual%2010/Supernatural.S10E01.mp4</link>
<thumbnail>http://media.dangcaphd.com/public/6d3c42fdd556cfd082b94b7dab01a6d4_thumb.jpg</thumbnail>
</item>

<item>
<title>Kỳ Duyên Trong Gió - Mạc Đại Đao - 2014 ( 36/36 Tập)</title>
<link>http://server3.dangcaphd.com/p4R4cDQnzcUagcNa/phimbo2014/Ky.Duyen.Trong.Gio/Ky.Duyen.Trong.Gio.Tap.01.mp4</link>
<thumbnail>http://media.dangcaphd.com/public/fd1aebf12555f4a1d9b81c6da49004e9_thumb.jpg</thumbnail>
</item>

<item>
<title>The Originals Season 2 - Gia đình thủy tổ phần 2 - 2013</title>
<link>http://server3.dangcaphd.com/p4R4cDQnzcUagcNa/phimbo2014/The.Originals.S02/The.Originals.S02E01.mp4</link>
<thumbnail>http://media.dangcaphd.com/public/e52f2342b43acc208b8318c59574f81c_thumb.jpg</thumbnail>
</item>

<item>
<title>Discovery of Romance - Tìm Lại Tình Yêu - 2014</title>
<link>http://server3.dangcaphd.com/p4R4cDQnzcUagcNa/phimbo2014/Discovery.of.Romance/Discovery.of.Romance.E01.mp4</link>
<thumbnail>http://media.dangcaphd.com/public/f7b93840045de2391060026b3fae7b71_thumb.jpg</thumbnail>
</item>

<item>
<title>Bầu Trời Của Chúng Ta - 2014 ( 12 Tập )</title>
<link>http://server3.dangcaphd.com/p4R4cDQnzcUagcNa/phimbo2014/BauTroiChungTa/Bau.Troi.Cua.Chung.Ta.Ep01.mp4</link>
<thumbnail>http://media.dangcaphd.com/public/f7f7d8db7345398106fa1dfe45bd0f05_thumb.gif</thumbnail>
</item>

<item>
<title>10 Năm Yêu Em - Ten Years of Love 2014</title>
<link>http://server3.dangcaphd.com/p4R4cDQnzcUagcNa/phimbo0710/10.Nam.Yeu.Em.E01/10.Nam.Yeu.Em.E01.mp4</link>
<thumbnail>http://media.dangcaphd.com/public/c2bea439dbcd4f43fec5e0dfb00cfc83_thumb.jpg</thumbnail>
</item>

<item>
<title>The Spring Days Of My Life - Những Ngày Xuân Lại Đến - 2014 (16/16)</title>
<link>http://server3.dangcaphd.com/p4R4cDQnzcUagcNa/phimbo0710/My.Spring.Days.E01/My.Spring.Days.E01.mp4</link>
<thumbnail>http://media.dangcaphd.com/public/64a2204dbd708e079a3e3c123d73c987_thumb.jpg</thumbnail>
</item>

<item>
<title>Secret Door - Cánh Cửa Bí Mật - 2014 (24/24 Tập)</title>
<link>http://server3.dangcaphd.com/p4R4cDQnzcUagcNa/phimbo0710/Secret.Door.E01/Secret.Door.E01.mp4</link>
<thumbnail>http://media.dangcaphd.com/public/700861c1c9e4cafea76977f8a62ea6f0_thumb.jpg</thumbnail>
</item>

<item>
<title>The Three Musketeers - Ba Chàng Lính Ngự Lâm - 2014</title>
<link>http://server3.dangcaphd.com/p4R4cDQnzcUagcNa/phimbo0710/The.Three.Musketeers.E01.mp4</link>
<thumbnail>http://media.dangcaphd.com/public/f88ef3e95f014d90d22e3e713cf98a7d_thumb.jpg</thumbnail>
</item>

<item>
<title>Paris By Night 71</title>
<link>http://server3.dangcaphd.com/p4R4cDQnzcUagcNa/ThuyNga/Thuy.Nga.71.20th.Anniversary.Disc1_0_298.mp4</link>
<thumbnail>http://media.dangcaphd.com/public/c22c2fd5f6205ffbb84ef8c34c80d52d_thumb.jpg</thumbnail>
</item>

<item>
<title>Paris By Night 72</title>
<link>http://server3.dangcaphd.com/p4R4cDQnzcUagcNa/ThuyNga/Thuy.Nga.72.Tieng.Hat.Tu.Nhip.Tim.Disk1_0_299.mp4</link>
<thumbnail>http://media.dangcaphd.com/public/fc61f8ce154eabdf53b0e1dda94cb3af_thumb.jpg</thumbnail>
</item>

<item>
<title>Paris By Night 74</title>
<link>http://server3.dangcaphd.com/p4R4cDQnzcUagcNa/ThuyNga/Thuy.Nga.74.Hoa.Buom.Ngay.Xua.Disc1_0_299.mp4</link>
<thumbnail>http://media.dangcaphd.com/public/0258e84d9e59162bfcb4d58c9e3332b6_thumb.jpg</thumbnail>
</item>

<item>
<title>Paris By Night 75</title>
<link>http://server3.dangcaphd.com/p4R4cDQnzcUagcNa/ThuyNga/Thuy.Nga.75.Ve.Mien.Vien.Dong.Disk1_0_299.mp4</link>
<thumbnail>http://media.dangcaphd.com/public/df15e6cdef48088045aa2050f6ea251f_thumb.jpg</thumbnail>
</item>

<item>
<title>Paris By Night 76</title>
<link>http://server3.dangcaphd.com/p4R4cDQnzcUagcNa/ThuyNga/Thuy.Nga.76.Xuan.Tha.Huong.Disk1_0_290.mp4</link>
<thumbnail>http://media.dangcaphd.com/public/caf9e69f4ef37ae29bd963fdf9a6900b_thumb.jpg</thumbnail>
</item>

<item>
<title>Paris By Night 77</title>
<link>http://server3.dangcaphd.com/p4R4cDQnzcUagcNa/ThuyNga/Thuy.Nga.77.30.Nam.Vien.Xu.Disc1_0_298.mp4</link>
<thumbnail>http://media.dangcaphd.com/public/fef29ac862f7cc0764858ec4785983a7_thumb.jpg</thumbnail>
</item>

<item>
<title>Paris By Night 78</title>
<link>http://server3.dangcaphd.com/p4R4cDQnzcUagcNa/ThuyNga/Thuy.Nga.78.Duong.Xua.Disk1_0_294.mp4</link>
<thumbnail>http://media.dangcaphd.com/public/69deadfff2f0e6bba02c82aaf203ecde_thumb.jpg</thumbnail>
</item>

<item>
<title>Paris By Night 80</title>
<link>http://server3.dangcaphd.com/p4R4cDQnzcUagcNa/ThuyNga/Thuy.Nga.80.Tet.Khap.Moi.Nha.Disc1_0_299.mp4</link>
<thumbnail>http://media.dangcaphd.com/public/343a7e2432da2efe48d38843c36e2b8c_thumb.jpg</thumbnail>
</item>

<item>
<title>American Horror Story Season 4 - Ngôi Nhà Ma Ám Phần 4 - 2014 (13/13 Tập)</title>
<link>http://server3.dangcaphd.com/p4R4cDQnzcUagcNa/phimbo0710/American.Horror.Story.S04/American.Horror.Story.S04E01.mp4</link>
<thumbnail>http://media.dangcaphd.com/public/53a65af41ac3fec06135c885002f4eb2_thumb.jpg</thumbnail>
</item>

<item>
<title>Vân Sơn 22</title>
<link>http://server3.dangcaphd.com/p4R4cDQnzcUagcNa/Vanson/VanSon22-VatdoiSaodoiD1(DVD5)_0_298.mp4</link>
<thumbnail>http://media.dangcaphd.com/public/1eba59931a6dfed58d610ea7ee84ded2_thumb.jpg</thumbnail>
</item>

<item>
<title>Vân Sơn 23</title>
<link>http://server3.dangcaphd.com/p4R4cDQnzcUagcNa/Vanson/VanSon23-Vuotbiengioi(InThailand)D1DVD9_0_298.mp4</link>
<thumbnail>http://media.dangcaphd.com/public/6338835dc8cd95d3de2f861dda3f6092_thumb.jpg</thumbnail>
</item>

<item>
<title>Vân Sơn 24</title>
<link>http://server3.dangcaphd.com/p4R4cDQnzcUagcNa/Vanson/VanSon24-SankhauvaNucuoi(InBangKok)D1DVD9_0_296.mp4</link>
<thumbnail>http://media.dangcaphd.com/public/28c0219af9182e22158e0e24c6aecb67_thumb.jpg</thumbnail>
</item>

<item>
<title>Arrow Season 3 - Mũi Tên Xanh 3 - 2014</title>
<link>http://server3.dangcaphd.com/p4R4cDQnzcUagcNa/phimbo0710/Arrow.S03/Arrow.S03E01.mp4</link>
<thumbnail>http://media.dangcaphd.com/public/1676aff31dac655fa77fd80ecac3d5ea_thumb.jpg</thumbnail>
</item>

<item>
<title>Vân Sơn 19</title>
<link>http://server3.dangcaphd.com/p4R4cDQnzcUagcNa/Vanson/VanSon19-SankhauvaNucuoi_0_296.mp4</link>
<thumbnail>http://media.dangcaphd.com/public/c0e975ac74de796f7aa12aa46ba37f8c_thumb.jpg</thumbnail>
</item>

<item>
<title>Vân Sơn 20</title>
<link>http://server3.dangcaphd.com/p4R4cDQnzcUagcNa/Vanson/VanSon21-HoahauVietNamthegioi_0_295.mp4</link>
<thumbnail>http://media.dangcaphd.com/public/7ed7172159183e89d955ee791ec05b97_thumb.jpg</thumbnail>
</item>

