<item>
<title>Selfie Season 1 - Tự Sướng Phần 1 - 2014</title>
<link>http://server3.dangcaphd.com/p4R4cDQnzcUagcNa/phimbo/Selfie.S01/Selfie.S01E01.mp4</link>
<thumbnail>http://media.dangcaphd.com/public/2ec488e9b0d573b47da8848fc02b015f_thumb.jpg</thumbnail>
</item>

<item>
<title>Ông Trùm Nút Thắt 1 - Ray Donovan Season 1 - 2013 (11/12 Tập)</title>
<link>http://server3.dangcaphd.com/p4R4cDQnzcUagcNa/phimbo/Ray.Donovan.S01/Ray.Donovan.S01E01.mp4</link>
<thumbnail>http://media.dangcaphd.com/public/caa06c407564ae12ec84d22f0a424578_thumb.jpg</thumbnail>
</item>

<item>
<title>Bóng Ma Tàn Ác 1 -  Intruders Season 1 - 2014</title>
<link>http://server3.dangcaphd.com/p4R4cDQnzcUagcNa/phimbo/intruders.s01/intruders.s01e01.mp4</link>
<thumbnail>http://media.dangcaphd.com/public/929bc03ab36c934cbba50be4631fdeb6_thumb.jpg</thumbnail>
</item>

<item>
<title>Nơi Ẩn Náu: Phần 1 - Graceland: Season 1 - 2013</title>
<link>http://server3.dangcaphd.com/p4R4cDQnzcUagcNa/phimbo/graceland.s01/graceland.s01e01.mp4</link>
<thumbnail>http://media.dangcaphd.com/public/c02ed3263e64440b16e4d1a8c540e6c3_thumb.jpg</thumbnail>
</item>

<item>
<title>Kẻ Giết Người 1 - Bosch Season 1 - 2014</title>
<link>http://server3.dangcaphd.com/p4R4cDQnzcUagcNa/phimbo/Bosch.S01/Bosch.S01E01.mp4</link>
<thumbnail>http://media.dangcaphd.com/public/e0dbb32860ca229a386b57cf33a44ae3_thumb.jpg</thumbnail>
</item>

<item>
<title>Tiết Bình Quý Và Vương Bảo Xuyến - 2011</title>
<link>http://server3.dangcaphd.com/p4R4cDQnzcUagcNa/phimbo/TietBinhQuyVaVuongBaoXuyen/Tiet.Binh.Quy.va.Vuong.Bao.Xuyen.1.mp4</link>
<thumbnail>http://media.dangcaphd.com/public/b96caec2794cb331937dccd1a25ed9cc_thumb.jpg</thumbnail>
</item>

<item>
<title>Sức Mạnh Tình Thân - Moonlight Resonance - 2012</title>
<link>http://server3.dangcaphd.com/p4R4cDQnzcUagcNa/phimbo/SucManhTinhThan/SucManhTinhThan.2012.E01.mp4</link>
<thumbnail>http://media.dangcaphd.com/public/099cf236f1fdb2e37dbda681217f50b8_thumb.jpg</thumbnail>
</item>

<item>
<title>Thiếu Niên Thần Thám Địch Nhân Kiệt - Young Sherlock - 2014</title>
<link>http://server3.dangcaphd.com/p4R4cDQnzcUagcNa/phimbo/ThieuNienThanThamDichNhanKiet/ThieuNienThanThamDichNhanKiet.Ep01.mp4</link>
<thumbnail>http://media.dangcaphd.com/public/2de02c2b9e3755799c3a88cd33a5184e_thumb.jpg</thumbnail>
</item>

<item>
<title>Cuộc Gọi 36 Giờ 2 - On Call 36h 2 - 2013</title>
<link>http://server3.dangcaphd.com/p4R4cDQnzcUagcNa/phimbo/On.Call.II/On.Call.II.E01.mp4</link>
<thumbnail>http://media.dangcaphd.com/public/098cb046d0f6f86a6f39e5bc13edabbe_thumb.jpg</thumbnail>
</item>

<item>
<title>Dòng Đời Nghiệt Ngã - 2011</title>
<link>http://server3.dangcaphd.com/p4R4cDQnzcUagcNa/phimbo/DongDoiNghietNga/DongDoiNghietNga.2013.E01.mp4</link>
<thumbnail>http://media.dangcaphd.com/public/0e92b90b0a6f7c6b6a71a81ab4ff342d_thumb.jpg</thumbnail>
</item>

<item>
<title>Đông Cung Tây Lược - Queens Of Diamonds And Hearts - 2012</title>
<link>http://server3.dangcaphd.com/p4R4cDQnzcUagcNa/phimbo/Dong.Cung.Tay.Luoc/Dong.Cung.Tay.Luoc.E01.mp4</link>
<thumbnail>http://media.dangcaphd.com/public/672e06b9ba9beafdc0ba51c7c0a78e96_thumb.jpg</thumbnail>
</item>

<item>
<title>Võ Tắc Thiên Bí Sử - The Secret History of Wu Zetian - 2012</title>
<link>http://server3.dangcaphd.com/p4R4cDQnzcUagcNa/phimbo/VoTacThienBiSu/VoTacThienBiSu.2012.E01.720p-muxed.mp4</link>
<thumbnail>http://media.dangcaphd.com/public/a74abb16ce3447c62df68510ea964a89_thumb.jpg</thumbnail>
</item>

<item>
<title>Quý Ông Thời Đại - 2013 ( 20/ 20 Tập )</title>
<link>http://server3.dangcaphd.com/p4R4cDQnzcUagcNa/phimbo/QuyOngThoiDai/QuyOngThoiDai.2013.Ep01.mp4</link>
<thumbnail>http://media.dangcaphd.com/public/fcc542bcde4540d141a64f0c375df2f7_thumb.jpg</thumbnail>
</item>

<item>
<title>Hảo Tâm Tác Quái - A Change of Heart - 2013 ( 30 Tập )</title>
<link>http://server3.dangcaphd.com/p4R4cDQnzcUagcNa/phimbo/HaoTamAcQuai/HaoTamAcQuai.2013.Ep01.mp4</link>
<thumbnail>http://media.dangcaphd.com/public/c2db0a1d278afb84808e550a65486528_thumb.jpg</thumbnail>
</item>

<item>
<title>Long Môn Tiêu Cục - Longmen Express - 2013</title>
<link>http://server3.dangcaphd.com/p4R4cDQnzcUagcNa/phimbo/Longmen.Express.Long.Mon.Tieu.Cuc/Longmen.Express.Long.Mon.Tieu.Cuc.E01.mp4</link>
<thumbnail>http://media.dangcaphd.com/public/a9e90868b3a9f779485956f51134de01_thumb.jpg</thumbnail>
</item>

<item>
<title>Lọan Thế Giai Nhân - A Beauty in Troubled Times - 2012</title>
<link>http://server3.dangcaphd.com/p4R4cDQnzcUagcNa/phimbo/Loan.The.Giai.Nhan/Loan.The.Giai.Nhan.E01.mp4</link>
<thumbnail>http://media.dangcaphd.com/public/6f09a043f9aa25934d733b898bdcd2ac_thumb.jpg</thumbnail>
</item>

<item>
<title>Ngôi Nhà Hạnh Phúc - Full House Thailand - 2014</title>
<link>http://server3.dangcaphd.com/p4R4cDQnzcUagcNa/phimbo/Full.House/Full.House(Thaisland).E01.mp4</link>
<thumbnail>http://media.dangcaphd.com/public/93388c42d44201422115865e5ea4c4bc_thumb.jpg</thumbnail>
</item>

<item>
<title>Lạc Tuấn Khải - Unconditional Love - 2013</title>
<link>http://server3.dangcaphd.com/p4R4cDQnzcUagcNa/phimbo/Lac.Tuan.Khai/Lac.Tuan.Khai.01.mp4</link>
<thumbnail>http://media.dangcaphd.com/public/f68466f7acd24f8f98fccda309fc2523_thumb.jpg</thumbnail>
</item>

<item>
<title>Vòng Vây Ái Tình - 2013</title>
<link>http://server3.dangcaphd.com/p4R4cDQnzcUagcNa/phimbo/VongVayAiTinh/VongVayAiTinh.2012.Ep01.mp4</link>
<thumbnail>http://media.dangcaphd.com/public/d2b3725cad8843052a54b3e42b838ef7_thumb.jpg</thumbnail>
</item>

<item>
<title>Trạng Sư Đại Náo Công Đường - 2014</title>
<link>http://server3.dangcaphd.com/p4R4cDQnzcUagcNa/phimbo/TrangSuDaiNaoCongDuong/TrangSuDaiNaoCongDuong.2014.Ep01.mp4</link>
<thumbnail>http://media.dangcaphd.com/public/d84f8f0e4bc076298ece14fc66f7c33a_thumb.jpg</thumbnail>
</item>

<item>
<title>Tân Bao Thanh Thiên: Khai Phong Kỳ Án - 2013</title>
<link>http://server3.dangcaphd.com/p4R4cDQnzcUagcNa/phimbo/KhaiPhongKyAn/KhaiPhongKyAn.2013.E01.mp4</link>
<thumbnail>http://media.dangcaphd.com/public/6191598a77bbb9b54d66b590bf2fcb67_thumb.jpg</thumbnail>
</item>

<item>
<title>Bình Tung Hiệp Ảnh - 2011</title>
<link>http://server3.dangcaphd.com/p4R4cDQnzcUagcNa/phimbo/BinhTungHiepAnh/BinhTungHiepAnh05.mp4</link>
<thumbnail>http://media.dangcaphd.com/public/d450b3cb42f2db88fe62dee48bbeb442_thumb.jpg</thumbnail>
</item>

<item>
<title>Sóng Gió Nguyên Triều - 2013</title>
<link>http://server3.dangcaphd.com/p4R4cDQnzcUagcNa/phimbo/SongGioNguyenTrieu/SongGioNguyenTrieu.2013.E01.mp4</link>
<thumbnail>http://media.dangcaphd.com/public/f5fee711efb480f13f75f13862aaa6a3_thumb.png</thumbnail>
</item>

<item>
<title>Rào Cản Tình Yêu - Rear Mirror 2014 ( Tập 20 )</title>
<link>http://server3.dangcaphd.com/p4R4cDQnzcUagcNa/phimbo/RaoCantinhYeu/01_RaoCanTinhYeu.mp4</link>
<thumbnail>http://media.dangcaphd.com/public/e3f1f9c39bb43028546df1141efbc87b_thumb.jpg</thumbnail>
</item>

<item>
<title>Tom và Jerry S01 - Them Tom and Jerry Show S01 - 2014</title>
<link>http://server3.dangcaphd.com/p4R4cDQnzcUagcNa/phimbo/The.Tom.and.Jerry.Show.S01/The.Tom.and.Jerry.Show.S01E01.mp4</link>
<thumbnail>http://media.dangcaphd.com/public/803a016d67b6dd62d97fe8c8b1b1f6b6_thumb.jpg</thumbnail>
</item>

<item>
<title>Công Lý Và Danh Lợi - 2010</title>
<link>http://server3.dangcaphd.com/p4R4cDQnzcUagcNa/phimbo/Cong.Ly.Va.Danh.Loi/Cong.Ly.Va.Danh.Loi.Tap01.mp4</link>
<thumbnail>http://media.dangcaphd.com/public/85717dd7051e448f58e0bcbdfbebb932_thumb.jpg</thumbnail>
</item>

<item>
<title>Ngàn Lời Yêu Thương - 2013</title>
<link>http://server3.dangcaphd.com/p4R4cDQnzcUagcNa/phimbo/TVB.Ngan.Loi.Yeu.Thuong/TVB.Ngan.Loi.Yeu.Thuong.Tap01.mp4</link>
<thumbnail>http://media.dangcaphd.com/public/c25411dca2143dd6243af064dfed2b7e_thumb.jpg</thumbnail>
</item>

<item>
<title>Bà Mẹ Nóng Bỏng - 2013</title>
<link>http://server3.dangcaphd.com/p4R4cDQnzcUagcNa/phimbo/BaMeNongBong/BaMeNongBong.2013.Tap01.mp4</link>
<thumbnail>http://media.dangcaphd.com/public/5e25c04ab044eae471a93da9255e4e60_thumb.jpg</thumbnail>
</item>

<item>
<title>Tân Trạng Sư Tống Thế Kiệt - 2013</title>
<link>http://server3.dangcaphd.com/p4R4cDQnzcUagcNa/phimbo/TVB.TanTrangSuTongTheKiet/TVB.TanTrangSuTongTheKiet.2013.E01.mp4</link>
<thumbnail>http://media.dangcaphd.com/public/a4479961f1b3ce35f2c6ad5f5013c41c_thumb.jpg</thumbnail>
</item>

<item>
<title>Người Ngoại Tộc 1 - Outlander - 2014</title>
<link>http://server3.dangcaphd.com/p4R4cDQnzcUagcNa/phimbo/Outlander.S01/outlander.s01e01.mp4</link>
<thumbnail>http://media.dangcaphd.com/public/8bd03a31a31201d62beccb53157aea03_thumb.jpg</thumbnail>
</item>

<item>
<title>Tình Yêu Quanh Ta - 2013</title>
<link>http://server3.dangcaphd.com/p4R4cDQnzcUagcNa/phimbo/TinhYeuQuanhTa/TinhYeuQuanhTa.2012.Ep01.mp4</link>
<thumbnail>http://media.dangcaphd.com/public/f7d07e944e8da10b53a117f16590f21c_thumb.jpg</thumbnail>
</item>

<item>
<title>Tế Công Truyền Kỳ 2011</title>
<link>http://server3.dangcaphd.com/p4R4cDQnzcUagcNa/phimbo/TeCongTruyenKy.P2/TeCongTruyenKy.P2.Tap01.mp4</link>
<thumbnail>http://media.dangcaphd.com/public/f11d8cd10cc517eaca9fb8f2dee32cc5_thumb.jpg</thumbnail>
</item>

<item>
<title>Gia Đình Kiểu Mỹ Phần 1 - Growing Up Fisher: Season 1 - 2014</title>
<link>http://server3.dangcaphd.com/p4R4cDQnzcUagcNa/phimbo/Growing.Up.Fisher.S01/Growing.Up.Fisher.S01E01.mp4</link>
<thumbnail>http://media.dangcaphd.com/public/32331a8e248f544bacc24a4def30a1f8_thumb.jpg</thumbnail>
</item>

<item>
<title>Tiềm Hành Truy Kích - 2011</title>
<link>http://server3.dangcaphd.com/p4R4cDQnzcUagcNa/phimbo/Tiem.Hanh.Truy.Kich/Tiem.Hanh.Truy.Kich.EP01.mp4</link>
<thumbnail>http://media.dangcaphd.com/public/f6550ac9e941a840e2e0970550dd15a7_thumb.jpg</thumbnail>
</item>

<item>
<title>Kim Ngọc Lương Duyên - 2014</title>
<link>http://server3.dangcaphd.com/p4R4cDQnzcUagcNa/phimbo/Kim.Ngoc.Luong.Duyen/Kim.Ngoc.Luong.Duyen.E01.mp4</link>
<thumbnail>http://media.dangcaphd.com/public/98e6e4454749835c5626a9547bf0aaab_thumb.jpg</thumbnail>
</item>

