<item>
<title>Lost: Season 3 - Mất Tích: Phần 3 - 2006 (Trọn Bộ 23 Tập)</title>
<link>http://server3.dangcaphd.com/p4R4cDQnzcUagcNa/phimbo/Lost.S03/Lost.S03E01.mp4</link>
<thumbnail>http://media.dangcaphd.com/public/c3c0d798934c00569cd1b07c02af2d94_thumb.jpg</thumbnail>
</item>

<item>
<title>Lost: Season 2 - Mất Tích: Phần 2 - 2005 (Trọn Bộ 24 Tập)</title>
<link>http://server3.dangcaphd.com/p4R4cDQnzcUagcNa/phimbo/LostS02/LostS02E01.mp4</link>
<thumbnail>http://media.dangcaphd.com/public/cf1900a8e73c1f2b321359420d97d084_thumb.jpg</thumbnail>
</item>

<item>
<title>Temptation - Phim Cám Dỗ - 2014 (20/20 Tập)</title>
<link>http://server3.dangcaphd.com/p4R4cDQnzcUagcNa/phimbo/Temptation.E01/Temptation.E01.mp4</link>
<thumbnail>http://media.dangcaphd.com/public/42f6fcdeb1e4360d6b7bb5b86b06de9d_thumb.jpg</thumbnail>
</item>

<item>
<title>Sam Sam Đến Rồi - Boss & Me 2014 (33/33 Tập)</title>
<link>http://server3.dangcaphd.com/p4R4cDQnzcUagcNa/phimbo/Sam.Sam.E01/Sam.Sam.E01.mp4</link>
<thumbnail>http://media.dangcaphd.com/public/9a908ce587a6503b1d79c6cbf0d3308c_thumb.jpg</thumbnail>
</item>

<item>
<title>Ông Trùm Tài Chánh - The Ultimate Addiction TVB - 2014 (30/30 Tập)</title>
<link>http://server3.dangcaphd.com/p4R4cDQnzcUagcNa/phimbo/OngTrumTaiChanh.2014/OngTrumTaiChanh.2014.E01.mp4</link>
<thumbnail>http://media.dangcaphd.com/public/5905158d2354ed9da15af70b259bba48_thumb.jpg</thumbnail>
</item>

<item>
<title>Fated To Love You - Định Mệnh Anh Yêu Em- 2014 ( Tập 20)</title>
<link>http://server3.dangcaphd.com/p4R4cDQnzcUagcNa/phimbo0710/Fated.to.Love.You.E01/Fated.to.Love.You.E01.mp4</link>
<thumbnail>http://media.dangcaphd.com/public/53c90e376bcc2c26302b4d79c0789875_thumb.jpg</thumbnail>
</item>

<item>
<title>Cổ Kiếm Kỳ Đàm - Swords of Legends -2014</title>
<link>http://server3.dangcaphd.com/p4R4cDQnzcUagcNa/phimbo//Co.Kiem.Ky.Dam.E01/Co.Kiem.Ky.Dam.E01.mp4</link>
<thumbnail>http://media.dangcaphd.com/public/03edc86d840fc17f9b1686f2f7a9bb2b_thumb.jpg</thumbnail>
</item>

<item>
<title>In Love With Power - Mỹ Nhân Vô Lệ -2013 (38/38 Tập)</title>
<link>http://server3.dangcaphd.com/p4R4cDQnzcUagcNa/phimbo/MyNhanVoLe.2013/MyNhanVoLe.2013.E01.mp4</link>
<thumbnail>http://media.dangcaphd.com/public/a3864248ca0d1fff99f066001650ad2b_thumb.jpg</thumbnail>
</item>

<item>
<title>Elementary Season 2 - Điều Cơ Bản Phần 2 - 2013 (24/24 Tập)</title>
<link>http://server3.dangcaphd.com/p4R4cDQnzcUagcNa/phimbo/Elementary.S02E01/Elementary.S02E01.mp4</link>
<thumbnail>http://media.dangcaphd.com/public/8745b5ebbbd824a59fc61f46f6b6bf65_thumb.jpg</thumbnail>
</item>

<item>
<title>The Strain: Season 1 - Tột Cùng Nỗi Sợ: Phần 1 - 2014 (13/13 Tập)</title>
<link>http://server3.dangcaphd.com/p4R4cDQnzcUagcNa/phimbo/The.Strain.S01/The.Strain.S01E01.mp4</link>
<thumbnail>http://media.dangcaphd.com/public/bbdd6d1c3b28c57458f52720769fa89b_thumb.jpg</thumbnail>
</item>

<item>
<title>Empress Ki - Hoàng Hậu Ki 2014 (51/51 Tập)</title>
<link>http://server3.dangcaphd.com/p4R4cDQnzcUagcNa/phimbo/HoangHauKi.2013/HoangHauKi.2013.E01.720p_2-muxed.mp4</link>
<thumbnail>http://media.dangcaphd.com/public/1cb2bdcf0d3a72952bce2318a8d3c1cc_thumb.jpg</thumbnail>
</item>

<item>
<title>The Pacific: Season 1 - Mặt Trận Thái Bình Dương: Phần 1 - 2010 (Trọn Bộ 10 Tập)</title>
<link>http://server3.dangcaphd.com/p4R4cDQnzcUagcNa/phimbo/The.Pacific.2010/The.Pacific.2010.EP01.mp4</link>
<thumbnail>http://media.dangcaphd.com/public/c46879b6a85898b59f5d152e20437f25_thumb.jpg</thumbnail>
</item>

<item>
<title>Orange Is the New Black: Season 2 - Trại Giam Kiểu Mỹ: Phần 2 - 2014 ( 6 Tập)</title>
<link>http://server3.dangcaphd.com/p4R4cDQnzcUagcNa/phimbo/Orange.Is.The.New.Black.S02/Orange.Is.The.New.Black.S02E01.mp4</link>
<thumbnail>http://media.dangcaphd.com/public/f4cb1ae31c50315202522bcfa378b9bb_thumb.jpg</thumbnail>
</item>

<item>
<title>Defiance Season 2 - Lực Lượng Kháng Chiến (2014)</title>
<link>http://server3.dangcaphd.com/p4R4cDQnzcUagcNa/phimbo/Defiance.S02/Defiance.S02E01.mp4</link>
<thumbnail>http://media.dangcaphd.com/public/5aede8e1a466d712d915a525bb6c1e30_thumb.jpg</thumbnail>
</item>

<item>
<title>Suits Season 4 - Tố Tụng 4 - 2014</title>
<link>http://server3.dangcaphd.com/p4R4cDQnzcUagcNa/phimbo/Suits.S04/Suits.S04E01.mp4</link>
<thumbnail>http://media.dangcaphd.com/public/fd85063194601c5c8a62452cca9d18ee_thumb.jpg</thumbnail>
</item>

<item>
<title>Young & Hungry: Season 1 - Đầu Bếp Trẻ Và Cơn Đói: Phần 1- 2014 (10/10 Tập)</title>
<link>http://server3.dangcaphd.com/p4R4cDQnzcUagcNa/phimbo/young.and.hungry.s01/young.and.hungry.s01e01.mp4</link>
<thumbnail>http://media.dangcaphd.com/public/96110de2f57d37ffa92b574448889773_thumb.jpg</thumbnail>
</item>

<item>
<title>Witches of East End: Season 2 - Phù Thủy Miền Cực Tây: Phần 2 - 2014 (10/13 Tập)</title>
<link>http://server3.dangcaphd.com/p4R4cDQnzcUagcNa/phimbo/Witches.of.East.End.S02/Witches.of.East.End.S02E01.mp4</link>
<thumbnail>http://media.dangcaphd.com/public/82dede03ae439b7e300a95af09993839_thumb.jpg</thumbnail>
</item>

<item>
<title>The Leftovers Season 1 - Những người sống sót -2014 ( 10/10 Tập)</title>
<link>http://server3.dangcaphd.com/p4R4cDQnzcUagcNa/phimbo/The.Leftovers.S01/The.Leftovers.S01E01.mp4</link>
<thumbnail>http://media.dangcaphd.com/public/6c851d288ea5b12bff1d1a815639f03d_thumb.jpg</thumbnail>
</item>

<item>
<title>Under the Dome: Season 2 - Những Bí Ẩn Phía Dưới Mái Vòm: Phần 2 - 2014 (12/13 Tập)</title>
<link>http://server3.dangcaphd.com/p4R4cDQnzcUagcNa/phimbo/Under.the.Dome.S02/Under.the.Dome.S02E01.mp4</link>
<thumbnail>http://media.dangcaphd.com/public/827e986d8ff89356e6fcc67e8e6d574a_thumb.jpg</thumbnail>
</item>

<item>
<title>Thung Lũng Silicon - Silicon Valley 2014 ( 8/8 Tập)</title>
<link>http://server3.dangcaphd.com/p4R4cDQnzcUagcNa/phimbo/silicon.valley.s01/silicon.valley.s01e01.mp4</link>
<thumbnail>http://media.dangcaphd.com/public/fa77b06e391a99f1cc009126e106dbcb_thumb.jpg</thumbnail>
</item>

<item>
<title>24 Hours - 24 Giờ Chống Khủng Bố - 2001 (24/24 Tập)</title>
<link>http://server3.dangcaphd.com/p4R4cDQnzcUagcNa/phimbo/24.S01E01/24.S01E01.mp4</link>
<thumbnail>http://media.dangcaphd.com/public/39db991c5dbdecc4a7b1d20fb54e9810_thumb.jpg</thumbnail>
</item>

<item>
<title>Trot Lovers - Tình Yêu Nhạc Trot - 2014</title>
<link>http://server3.dangcaphd.com/p4R4cDQnzcUagcNa/phimbo/Trot.Lovers.E01/Trot.Lovers.E01.mp4</link>
<thumbnail>http://media.dangcaphd.com/public/93f3c6a0229551932f10244f7c21e824_thumb.jpg</thumbnail>
</item>

<item>
<title>Vua Trường Học - High School King 2014</title>
<link>http://server3.dangcaphd.com/p4R4cDQnzcUagcNa/phimbo/HighSchoolKing2014/High.School.King.E01.mp4</link>
<thumbnail>http://media.dangcaphd.com/public/7144979b4986885863481b12523b3357_thumb.jpg</thumbnail>
</item>

<item>
<title>Undateable: Season 1 - Anh Chàng Nghiêm Túc: Phần 1 - 2014 (13/13 Tập)</title>
<link>http://server3.dangcaphd.com/p4R4cDQnzcUagcNa/phimbo/Undateable2014/Undateable.2014.S01E01.mp4</link>
<thumbnail>http://media.dangcaphd.com/public/a551b5709551e1b520dca70bc177d7ae_thumb.jpg</thumbnail>
</item>

<item>
<title>Hạnh Phúc Có Thật - Wonderful Days - 2014 ( Tập 50/50)</title>
<link>http://server3.dangcaphd.com/p4R4cDQnzcUagcNa/phimbo/Wonderfulday/Wonderful.Days.Ep01.mp4</link>
<thumbnail>http://media.dangcaphd.com/public/b074e6a3b3782a38254db776a33e2cfe_thumb.jpg</thumbnail>
</item>

<item>
<title>From Dusk Till Dawn - Season 1 Bộ Tộc Ma Cà Rồng 1- 2014</title>
<link>http://server3.dangcaphd.com/p4R4cDQnzcUagcNa/phimbo/Botocmacarong/From.Dusk.Till.Dawn.The.Series.S01E01.mp4</link>
<thumbnail>http://media.dangcaphd.com/public/0010d840c1bc4cff0396e769ddef34cb_thumb.jpg</thumbnail>
</item>

<item>
<title>Tyrant - Bạo Chúa - 2014 (10/10 Tập)</title>
<link>http://server3.dangcaphd.com/p4R4cDQnzcUagcNa/phimbo/Tyrant/Tyrant.S01E01.mp4</link>
<thumbnail>http://media.dangcaphd.com/public/eea5ad18ce5663881a8aee39ea5154e1_thumb.jpg</thumbnail>
</item>

<item>
<title>The Flash Season 1 - Người Hùng Tia Chớp 1 - 2014</title>
<link>http://server3.dangcaphd.com/p4R4cDQnzcUagcNa/phimbo/theflash/The.Flash.2014.S01E01.mp4</link>
<thumbnail>http://media.dangcaphd.com/public/00cbdc521cf246b84c4df40ef49d88e0_thumb.jpg</thumbnail>
</item>

<item>
<title>Teen Wolf - Season 4 Người Sói Teen 4 -2013</title>
<link>http://server3.dangcaphd.com/p4R4cDQnzcUagcNa/phimbo/TeenWolf4/Teen.Wolf.S04E01.mp4</link>
<thumbnail>http://media.dangcaphd.com/public/de3bf038de8843778e39ea7e371f3b9a_thumb.jpg</thumbnail>
</item>

<item>
<title>Teen Wolf - Season 3 Người Sói Teen 3</title>
<link>http://server3.dangcaphd.com/p4R4cDQnzcUagcNa/phimbo/TeenWolf3/Teen.Wolf.S03E01.mp4</link>
<thumbnail>http://media.dangcaphd.com/public/282dff1674f2c6b476bdb7a4ec486ac3_thumb.jpg</thumbnail>
</item>

<item>
<title>Golden Cross - Chữ thập vàng -2014 (20/20 Tập)</title>
<link>http://server3.dangcaphd.com/p4R4cDQnzcUagcNa/phimbo/chuthapvang/01-Chuthapvang-GoldenCross-KBS2014-VNLT-muxed.mp4</link>
<thumbnail>http://media.dangcaphd.com/public/ee90c7b26298c51d2ee8c22809a02bd1_thumb.jpg</thumbnail>
</item>

<item>
<title>Constantine Season 1 - Người Đến Từ Địa Ngục 1 - 2014</title>
<link>http://server3.dangcaphd.com/p4R4cDQnzcUagcNa/phimbo2014/Constantine/Constantine.S01E01.mp4</link>
<thumbnail>http://media.dangcaphd.com/public/8dd38329ba1dad8342409e546dbdd12e_thumb.jpg</thumbnail>
</item>

<item>
<title>Teen Wolf - Season 1 - Người Sói Teen 1</title>
<link>http://server3.dangcaphd.com/p4R4cDQnzcUagcNa/phimbo/TeenWolf/Teen.Wolf.S01.E01.720p-muxed.mp4</link>
<thumbnail>http://media.dangcaphd.com/public/7c4cfb75df4c075760753e7bbe9ce209_thumb.jpg</thumbnail>
</item>

<item>
<title>Arang And The Magistrate - Arang Và Sử Phán- Arang Sử Đạo Truyện</title>
<link>http://server3.dangcaphd.com/p4R4cDQnzcUagcNa/phimbo/Arang.And.The.Magistrate/Arang.And.The.Magistrate.E01.720p.HDTV-muxed.mp4</link>
<thumbnail>http://media.dangcaphd.com/public/2aa5cf4edc65304e65d2964e896781cc_thumb.png</thumbnail>
</item>

<item>
<title>The Joseon Gunman - Tay Súng Joseon - 2014 (22 Tập)</title>
<link>http://server3.dangcaphd.com/p4R4cDQnzcUagcNa/phimbo/Joseon.Gunman/[K-Zone].Joseon.Gunman.E01.HD.KITESVN.COM-muxed.mp4</link>
<thumbnail>http://media.dangcaphd.com/public/ad13d23008fd074227402bf75c183afb_thumb.jpg</thumbnail>
</item>

