<item>
<title>How I Met Your Mother: Season 7 - Bố Gặp Mẹ Thế Nào: Phần 7 - 2011 (Trọn Bộ 23 Tập)</title>
<link>http://server2.dangcaphd.com/3ZKc7Af3BGZrgWSrNggs/Phim%20Bo/How.I.Met.Your.Mother.S07/How.I.Met.Your.Mother.S07E01.mp4</link>
<thumbnail>http://media.dangcaphd.com/public/374b745ed8cd3d4f2891a25fd861ca98_thumb.jpg</thumbnail>
</item>

<item>
<title>How I Met Your Mother: Season 6 - Bố Gặp Mẹ Thế Nào: Phần 6 - 2010 (Trọn Bộ 24 Tập)</title>
<link>http://server2.dangcaphd.com/3ZKc7Af3BGZrgWSrNggs/Phim%20Bo/How.I.Met.Your.Mother.S06/How.I.Met.Your.Mother.S06E01.mp4</link>
<thumbnail>http://media.dangcaphd.com/public/c626900be165a05a72c5becd680a54fd_thumb.jpg</thumbnail>
</item>

<item>
<title>How I Met Your Mother: Season 5 - Bố Gặp Mẹ Thế Nào: Phần 5 - 2009 (Trọn Bộ 24 Tập)</title>
<link>http://server2.dangcaphd.com/3ZKc7Af3BGZrgWSrNggs/Phim%20Bo/How.I.Met.Your.Mother.S05E01.mp4</link>
<thumbnail>http://media.dangcaphd.com/public/482f7d9f14f86f180a2035bd97bbc078_thumb.jpg</thumbnail>
</item>

<item>
<title>How I Met Your Mother: Season 4 - Bố Gặp Mẹ Thế Nào: Phần 4 - 2008 (Trọn Bộ 24 Tập)</title>
<link>http://server2.dangcaphd.com/3ZKc7Af3BGZrgWSrNggs/Phim%20Bo/How.I.Met.Your.Mother.S04/How.I.Met.Your.Mother.S04E01.mp4</link>
<thumbnail>http://media.dangcaphd.com/public/e6709882720dbddbc027d0e54d0eb5d1_thumb.jpg</thumbnail>
</item>

<item>
<title>How I Met Your Mother: Season 3 - Bố Gặp Mẹ Thế Nào: Phần 3 - 2007 (Trọn Bộ 20 Tập)</title>
<link>http://server2.dangcaphd.com/3ZKc7Af3BGZrgWSrNggs/Phim%20Bo/How.I.Met.Your.Mother.S03/How.I.Met.Your.Mother.S03E01.mp4</link>
<thumbnail>http://media.dangcaphd.com/public/6026c798c714b93bedf4bde426948588_thumb.jpg</thumbnail>
</item>

<item>
<title>How I Met Your Mother: Season 2 - Bố Gặp Mẹ Thế Nào: Phần 2 - 2006 (Trọn Bộ 22 Tập)</title>
<link>http://server2.dangcaphd.com/3ZKc7Af3BGZrgWSrNggs/Phim%20Bo/How.I.Met.Your.Mother.S02/How.I.Met.Your.Mother.S02E01.mp4</link>
<thumbnail>http://media.dangcaphd.com/public/48f83412ba8e4a3c8b96874fb20b52c1_thumb.jpg</thumbnail>
</item>

<item>
<title>Đường Lên Điện Biên - 2014</title>
<link>http://server2.dangcaphd.com/3ZKc7Af3BGZrgWSrNggs/Phim%20Bo/Duong.Len.Dien.Bien/Duong.Len.Dien.Bien.720p.x264.Tap.01-muxed.mp4</link>
<thumbnail>http://media.dangcaphd.com/public/7946e8c1e5b87f4d82e9ce2e74e0de16_thumb.jpg</thumbnail>
</item>

<item>
<title>How I Met Your Mother (2005 ) (Trọn Bộ 22 Tập)</title>
<link>http://server2.dangcaphd.com/3ZKc7Af3BGZrgWSrNggs/Phim%20Bo/How.I.Met.Your.Mother.S01/How.I.Met.Your.Mother.S01E01.mp4</link>
<thumbnail>http://media.dangcaphd.com/public/1c1bf3cdf8dd1976cf85e6476e9f9757_thumb.jpg</thumbnail>
</item>

<item>
<title>Bates Motel: Season 2 - Nhà Nghỉ Bates: Phần 2 - 2014 (10/10 Tập)</title>
<link>http://server2.dangcaphd.com/3ZKc7Af3BGZrgWSrNggs/Phim%20Bo/bates.motel.s02/bates.motel.s02e01.mp4</link>
<thumbnail>http://media.dangcaphd.com/public/b1492034b3d1554d02cb663f59ff2a8b_thumb.jpg</thumbnail>
</item>

<item>
<title>Bates Motel: Season 1 - Nhà Nghỉ Bates: Phần 1 - 2013 (Trọn Bộ 10 Tập)</title>
<link>http://server2.dangcaphd.com/3ZKc7Af3BGZrgWSrNggs/Phim%20Bo/Bates.Motel.S01/Bates.Motel.S01E01.mp4</link>
<thumbnail>http://media.dangcaphd.com/public/c9537e01457c877ed1710964a6e488ce_thumb.jpg</thumbnail>
</item>

<item>
<title>Devious Maids Season 2 - Cô Hầu Gái Kiểu Mỹ 2 - 2014 ( Tập 13/13)</title>
<link>http://server2.dangcaphd.com/3ZKc7Af3BGZrgWSrNggs/Phim%20Bo/Devious.Maids.S02/Devious.Maids.S02E01.mp4</link>
<thumbnail>http://media.dangcaphd.com/public/7f659fbbf72a4a91eaeff379f4481767_thumb.jpg</thumbnail>
</item>

<item>
<title>Revenge Season 3 - Báo Thù Phần 3 - 2013 (22/22 Tập)</title>
<link>http://server2.dangcaphd.com/3ZKc7Af3BGZrgWSrNggs/Phim%20Bo/Revenge.S03E01/Revenge.S03E01.mp4</link>
<thumbnail>http://media.dangcaphd.com/public/66f5131939d749382ab8f9592df057c9_thumb.jpg</thumbnail>
</item>

<item>
<title>Revenge Season 2 - Báo Thù Phần 2  - 2012</title>
<link>http://server2.dangcaphd.com/3ZKc7Af3BGZrgWSrNggs/Phim%20Bo/Revenge.S02/Revenge.S02E01.mp4</link>
<thumbnail>http://media.dangcaphd.com/public/6198c15d1a5473434b51638df039e0df_thumb.jpg</thumbnail>
</item>

<item>
<title>Once Upon a Time: Season 3 - Ngày Xửa Ngày Xưa: Phần 3 - 2013</title>
<link>http://server2.dangcaphd.com/3ZKc7Af3BGZrgWSrNggs/Phim%20Bo/Once.Upon.a.Time.S03E01/Once.Upon.a.Time.S03E01.mp4</link>
<thumbnail>http://media.dangcaphd.com/public/2d870c45d3b73bb1d4461748b532a98f_thumb.jpg</thumbnail>
</item>

<item>
<title>Devious Maids Season 1 - Những Cô Hầu Gái Kiều Mỹ Phần 1 - 2013</title>
<link>http://server2.dangcaphd.com/3ZKc7Af3BGZrgWSrNggs/Phim%20Bo/Devious.Maids.S01/Devious.Maids.S01E01.mp4</link>
<thumbnail>http://media.dangcaphd.com/public/7b6be3e14abcbf6dd73bf4c24ddcec12_thumb.jpg</thumbnail>
</item>

<item>
<title>Fargo: Season 1 - Fargo: Phần 1 - 2014 (10/10 Tập)</title>
<link>http://server2.dangcaphd.com/3ZKc7Af3BGZrgWSrNggs/Phim%20Bo/FargoSeason1/Fargo.S01E01.mp4</link>
<thumbnail>http://media.dangcaphd.com/public/a51fc6556e4862d6f1c232f89b9ab5f0_thumb.jpg</thumbnail>
</item>

<item>
<title>24 Hours Season 9 - 24 Giờ Chống Khủng Bố 9 - 2014 ( Tập 12/20)</title>
<link>http://server3.dangcaphd.com/p4R4cDQnzcUagcNa/phimbo/24%20S09/24.S09E01.mp4</link>
<thumbnail>http://media.dangcaphd.com/public/d4c38fb3abdaf4564d67432806fba316_thumb.jpg</thumbnail>
</item>

<item>
<title>Gap Dong - Ký Ức Sát Nhân - 2014 (20/20 tập )</title>
<link>http://server2.dangcaphd.com/3ZKc7Af3BGZrgWSrNggs/Phim%20Bo/Gap.Dong/Gap.Dong.E01.mp4</link>
<thumbnail>http://media.dangcaphd.com/public/ae268ae03c94d592b3d4249b84608421_thumb.jpg</thumbnail>
</item>

<item>
<title>Shameless: Season 4 - Không Biết Xấu Hổ: Phần 4 - 2014 (12/12 Tập)</title>
<link>http://server2.dangcaphd.com/3ZKc7Af3BGZrgWSrNggs/Phim%20Bo/Shameless.US.S04/shameless.us.s04e01.mp4</link>
<thumbnail>http://media.dangcaphd.com/public/b23bcbf6e12df87a39d95abb87146224_thumb.jpg</thumbnail>
</item>

<item>
<title>Shameless: Season 3 - Không Biết Xấu Hổ: Phần 3 - 2013 (Trọn Bộ 12 Tập)</title>
<link>http://server2.dangcaphd.com/3ZKc7Af3BGZrgWSrNggs/Phim%20Bo/Shameless.US.S03/Shameless.US.S03E01.mp4</link>
<thumbnail>http://media.dangcaphd.com/public/584e8b687f2a7daa22b897d70af8215f_thumb.jpg</thumbnail>
</item>

<item>
<title>Shameless: Season 2 - Không Biết Xấu Hổ: Phần 2 - 2012 (Trọn Bộ 12 Tập)</title>
<link>http://server2.dangcaphd.com/3ZKc7Af3BGZrgWSrNggs/Phim%20Bo/Shameless.US.S02/Shameless.US.S02E01.mp4</link>
<thumbnail>http://media.dangcaphd.com/public/306823cafc1f6090201142eef023742c_thumb.jpg</thumbnail>
</item>

<item>
<title>Shameless: Season 1 - Không Biết Xấu Hổ: Phần 1 - 2013 (Trọn Bộ 12 Tập)</title>
<link>http://server2.dangcaphd.com/3ZKc7Af3BGZrgWSrNggs/Phim%20Bo/Shameless.US.S01/Shameless.US.S01E01.mp4</link>
<thumbnail>http://media.dangcaphd.com/public/e98e3ac3253b1651957da97c7d5aa268_thumb.jpg</thumbnail>
</item>

<item>
<title>Smallville: Season 1 - Thị Trấn Smallville: Phần 1 - 2001</title>
<link>http://server2.dangcaphd.com/3ZKc7Af3BGZrgWSrNggs/Phim%20Bo/Smallville.S01/SMALLVILLE.-.S01.E01.mp4</link>
<thumbnail>http://media.dangcaphd.com/public/0a5ce3860864fb2dfa3a1bd64be40e33_thumb.jpg</thumbnail>
</item>

<item>
<title>Smallville Season 2 - Thị Trấn Smallville Phần 2 - 2002</title>
<link>http://server2.dangcaphd.com/3ZKc7Af3BGZrgWSrNggs/Phim%20Bo/Smallville.S02/Smallville.S02.E01.mp4</link>
<thumbnail>http://media.dangcaphd.com/public/2bd9e67ac8b58f8bc5785baa6929c80e_thumb.jpg</thumbnail>
</item>

<item>
<title>Smallville: Season 3 - Thị Trấn Smallville: Phần 3 - 2003</title>
<link>http://server2.dangcaphd.com/3ZKc7Af3BGZrgWSrNggs/Phim%20Bo/Smallville.S03/Smallville.S03.E01.mp4</link>
<thumbnail>http://media.dangcaphd.com/public/34489442dc293d37a6bf62410b51270c_thumb.jpg</thumbnail>
</item>

<item>
<title>Smallville: Season 4 - Thị Trấn Smallville: Phần 4 - 2004</title>
<link>http://server2.dangcaphd.com/3ZKc7Af3BGZrgWSrNggs/Phim%20Bo/Smallville.S04/Smallville.S04.E01.mp4</link>
<thumbnail>http://media.dangcaphd.com/public/01a5973e5085cbd109654d1e854a9801_thumb.jpg</thumbnail>
</item>

<item>
<title>Smallville: Season 5 - Thị Trấn Smallville: Phần 5 - 2005</title>
<link>http://server2.dangcaphd.com/3ZKc7Af3BGZrgWSrNggs/Phim%20Bo/Smallville.S05/Smallville.S05.E01.mp4</link>
<thumbnail>http://media.dangcaphd.com/public/f6a738d4859b489297f098eb62b78cf8_thumb.jpg</thumbnail>
</item>

<item>
<title>Smallville: Season 6 - Thị Trấn Smallville: Phần 6 - 2006</title>
<link>http://server2.dangcaphd.com/3ZKc7Af3BGZrgWSrNggs/Phim%20Bo/Smallville.S06/Smallville.S06.E01.mp4</link>
<thumbnail>http://media.dangcaphd.com/public/c7b466581d294ba84c7d50cf805943fd_thumb.jpg</thumbnail>
</item>

<item>
<title>Smallville Season 7 - Thị Trấn Smallville Phần 7 - 2007</title>
<link>http://server2.dangcaphd.com/3ZKc7Af3BGZrgWSrNggs/Phim%20Bo/Smallville.S07/Smallville.S07.E01.mp4</link>
<thumbnail>http://media.dangcaphd.com/public/3492d08a1f7493efead1d699e7468ba4_thumb.jpg</thumbnail>
</item>

<item>
<title>Smallville: Season 8 - Thị Trấn Smallville: Phần 8 - 2008</title>
<link>http://server2.dangcaphd.com/3ZKc7Af3BGZrgWSrNggs/Phim%20Bo/Smallville.S08/Smallville.S08.E01.mp4</link>
<thumbnail>http://media.dangcaphd.com/public/df8cc01e4b54d6935f685b60a0338209_thumb.jpg</thumbnail>
</item>

<item>
<title>Smallville: Season 9 - Thị Trấn Smallville: Phần 9 - 2009</title>
<link>http://server2.dangcaphd.com/3ZKc7Af3BGZrgWSrNggs/Phim%20Bo/Smallville.S09/Smallville.S09.E01.mp4</link>
<thumbnail>http://media.dangcaphd.com/public/8c092275349ea260799fd1184c4eee7b_thumb.jpg</thumbnail>
</item>

<item>
<title>Smallville: Season 10 - Thị Trấn Smallville: Phần 10 - 2010</title>
<link>http://server2.dangcaphd.com/3ZKc7Af3BGZrgWSrNggs/Phim%20Bo/Smallville.S10/Smallville.S10.E01.mp4</link>
<thumbnail>http://media.dangcaphd.com/public/2ad48636601dbaa2c74ebafb08abc0b5_thumb.jpg</thumbnail>
</item>

<item>
<title>Super Hero Taisen Z - Cảnh Sát Vũ Trụ - 2013</title>
<link>http://server2.dangcaphd.com/3ZKc7Af3BGZrgWSrNggs/Phim%20Bo/SuperHeroTaisen/SuperHeroTaisenZ.E01.mp4</link>
<thumbnail>http://media.dangcaphd.com/public/497800b344e58e98435dce8f4b6e462d_thumb.jpg</thumbnail>
</item>

<item>
<title>That Fool - Chồng Hờ Vợ Tạm - 2009</title>
<link>http://server2.dangcaphd.com/3ZKc7Af3BGZrgWSrNggs/Phim%20Bo/That.Fool/That.Fool.E01.mp4</link>
<thumbnail>http://media.dangcaphd.com/public/b97076497f326e43cff86f4bc9a3ef4e_thumb.jpg</thumbnail>
</item>

<item>
<title>The Blacklist Season 1 - Danh Sách Đen 1 - 2013</title>
<link>http://server2.dangcaphd.com/3ZKc7Af3BGZrgWSrNggs/Phim%20Bo/The.Blacklist.S01/The.Blacklist.S01E01.mp4</link>
<thumbnail>http://media.dangcaphd.com/public/ac1cec8f80b46cc79d865699dc7b0ff6_thumb.jpg</thumbnail>
</item>

