<?xml version="1.0" encoding="UTF-8" standalone="yes"?>
<addon
  id="plugin.video.viettv24.com"
  version="1.3.0"
  name="TV-VietTV24"
  provider-name="ThongLD">
  <requires>
        <import addon="xbmc.python" version="2.1.0"/>
  </requires>
  <extension point="xbmc.python.pluginsource" library="default.py">
        <provides>video</provides>
  </extension>
  <extension point="xbmc.addon.metadata">
    <summary>VietTV24.com</summary>
    <description>Fixed</description>
    <platform>all</platform>
  </extension>
</addon>