<?xml version="1.0" encoding="UTF-8" standalone="yes"?>
<addon
  id="plugin.video.anhtrang.org"
  version="0.0.6"
  name="Phim-AnhTrang"
  provider-name="ThuNM">
  <requires>       		
  </requires>
  <extension point="xbmc.python.pluginsource"
            library="default.py">
        <provides>video</provides>
  </extension>
  <extension point="xbmc.addon.metadata">
    <summary>Watch movies</summary>
    <description>Watch movies</description>
    <platform>all</platform>
  </extension>
</addon>