<?xml version="1.0" encoding="UTF-8"?>
<addon
	id="plugin.video.sctv"
	version="0.9.3"
	name="TV-SCTV"
	provider-name="ThuN">
	<requires>
		<import addon="xbmc.python" version="2.1.0"/>
	</requires>
	<extension point="xbmc.python.pluginsource" library="default.py">
		<provides>video</provides>
	</extension>
	<extension point="xbmc.addon.metadata">
		<platform>all</platform>
		<language>en vi</language>
		<website>Facebook store: www.facebook/tvbox.store </website>
		<disclaimer lang="vi">Tất cả live streams được tải về từ các nhà cung cấp dịch vụ. Tác giả phần mềm này không chịu trách nhiệm về nội dung của chúng.</disclaimer>
		<license>GNU GENERAL PUBLIC LICENSE. Version 3, 29 June 2007</license>
	</extension>
</addon>
